session_id,avg_asr_confidence,avg_intent_confidence,misunderstanding_rate,silence_rate,recovery_success,escalation_flag
S2000,0.7116666666666666,0.8466666666666667,0.3333333333333333,0.16666666666666666,no,no
S2001,0.8033333333333333,0.6699999999999999,0.0,0.0,yes,no
S2002,0.772,0.85,0.4,0.0,no,no
S2003,0.7375,0.7025,0.25,0.0,no,no
S2004,0.9033333333333333,0.6866666666666666,0.3333333333333333,0.0,no,no
S2005,0.8566666666666666,0.5633333333333334,0.0,0.3333333333333333,no,yes
S2006,0.64,0.692,0.2,0.2,yes,no
S2007,0.7033333333333333,0.7816666666666667,0.0,0.0,yes,no
S2008,0.7828571428571429,0.7285714285714285,0.0,0.14285714285714285,yes,no
S2009,0.796,0.628,0.2,0.0,yes,no
S2010,0.705,0.8025,0.0,0.25,yes,no
S2011,0.6519999999999999,0.8019999999999999,0.4,0.2,no,no
S2012,0.745,0.70125,0.5,0.0,no,no
S2013,0.786,0.75,0.4,0.0,no,no
S2014,0.73,0.765,0.0,0.3333333333333333,yes,yes
S2015,0.8146153846153846,0.6146153846153847,0.23076923076923078,0.07692307692307693,yes,no
S2016,0.7075,0.7725,0.125,0.25,yes,no
S2017,0.8099999999999999,0.85,0.0,0.6666666666666666,yes,yes
S2018,0.77,0.6639999999999999,0.2,0.2,yes,no
S2019,0.6533333333333333,0.7666666666666666,0.3333333333333333,0.0,no,no
S2020,0.7388888888888888,0.7944444444444445,0.1111111111111111,0.2222222222222222,yes,no
S2021,0.8400000000000001,0.45999999999999996,0.0,0.5,no,yes
S2022,0.7816666666666666,0.68,0.16666666666666666,0.0,yes,no
S2023,0.775,0.7775,0.0,0.5,yes,yes
S2024,0.72,0.6228571428571429,0.0,0.14285714285714285,yes,no
S2025,0.8533333333333334,0.7033333333333333,0.6666666666666666,0.0,no,no
S2026,0.695,0.75,0.16666666666666666,0.16666666666666666,yes,no
S2027,0.7225,0.68625,0.5,0.25,no,no
S2028,0.75625,0.7150000000000001,0.5,0.0,no,no
S2029,0.7600000000000001,0.7600000000000001,0.0,0.0,yes,no
S2030,0.6875,0.73125,0.375,0.0,no,no
S2031,0.67625,0.63375,0.25,0.125,no,no
S2032,0.86,0.6,0.2,0.2,no,no
S2033,0.745,0.735,0.25,0.125,no,no
S2034,0.882,0.692,0.0,0.0,yes,no
S2035,0.65,0.6425,0.0,0.5,yes,yes
S2036,0.685,0.655,0.25,0.25,no,no
S2037,0.778,0.6719999999999999,0.0,0.4,yes,yes
S2038,0.7071428571428572,0.7642857142857142,0.2857142857142857,0.14285714285714285,no,no
S2039,0.732,0.75,0.0,0.0,yes,no
S2040,0.82,0.8766666666666666,0.3333333333333333,0.16666666666666666,no,no
S2041,0.7999999999999999,0.6657142857142857,0.0,0.2857142857142857,yes,no
S2042,0.5933333333333334,0.8433333333333334,0.3333333333333333,0.3333333333333333,no,yes
S2043,0.81,0.7050000000000001,0.16666666666666666,0.16666666666666666,yes,no
S2044,0.6766666666666667,0.65,0.0,0.3333333333333333,yes,yes
S2045,0.702,0.636,0.4,0.1,no,no
S2046,0.8116666666666666,0.69,0.16666666666666666,0.0,yes,no
S2047,0.7175,0.6875,0.5,0.0,no,no
S2048,0.7,0.768,0.2,0.2,yes,no
S2049,0.6766666666666666,0.7166666666666667,0.0,0.1111111111111111,yes,no
S2050,0.7714285714285715,0.6371428571428571,0.2857142857142857,0.14285714285714285,no,no
S2051,0.8099999999999999,0.7533333333333333,0.0,0.0,yes,no
S2052,0.6416666666666667,0.6616666666666667,0.3333333333333333,0.0,no,no
S2053,0.74,0.38,0.0,0.0,no,no
S2054,0.6375,0.6475,0.5,0.25,no,no
S2055,0.8375,0.8375,0.25,0.0,no,no
S2056,0.6466666666666666,0.7166666666666667,0.0,0.0,yes,no
S2057,0.7779999999999999,0.812,0.6,0.0,no,no
S2058,0.7999999999999999,0.7528571428571428,0.2857142857142857,0.14285714285714285,no,no
S2059,0.46,0.64,0.0,1.0,yes,yes
S2060,0.815,0.83,0.5,0.0,no,no
S2061,0.7185714285714286,0.7814285714285714,0.14285714285714285,0.0,yes,no
S2062,0.8483333333333333,0.5750000000000001,0.16666666666666666,0.16666666666666666,no,no
S2063,0.762,0.758,0.0,0.2,yes,no
S2064,0.6757142857142858,0.7328571428571429,0.2857142857142857,0.2857142857142857,no,no
S2065,0.75,0.7216666666666667,0.16666666666666666,0.0,yes,no
S2066,0.6942857142857143,0.6785714285714286,0.2857142857142857,0.14285714285714285,no,no
S2067,0.704,0.6639999999999999,0.4,0.2,no,no
S2068,0.7285714285714285,0.7385714285714285,0.0,0.14285714285714285,yes,no
S2069,0.7966666666666667,0.6766666666666666,0.0,0.0,yes,no
S2070,0.7933333333333333,0.6816666666666666,0.0,0.16666666666666666,yes,no
S2071,0.7083333333333334,0.6116666666666667,0.16666666666666666,0.0,yes,no
S2072,0.7925,0.7925,0.25,0.0,no,no
S2073,0.7614285714285715,0.76,0.14285714285714285,0.2857142857142857,yes,no
S2074,0.772,0.8019999999999999,0.0,0.0,yes,no
S2075,0.8233333333333334,0.5933333333333333,0.3333333333333333,0.0,no,no
S2076,0.8733333333333334,0.635,0.3333333333333333,0.0,no,no
S2077,0.7362500000000001,0.7525000000000001,0.125,0.125,yes,no
S2078,0.855,0.6375000000000001,0.16666666666666666,0.16666666666666666,yes,no
S2079,0.7733333333333334,0.63,0.0,0.0,yes,no
S2080,0.73,0.745,0.25,0.0,no,no
S2081,0.8233333333333333,0.6566666666666666,0.16666666666666666,0.0,yes,no
S2082,0.75,0.54,0.0,0.0,no,no
S2083,0.8242857142857142,0.6728571428571428,0.2857142857142857,0.0,no,no
S2084,0.79375,0.6775,0.125,0.125,yes,no
S2085,0.76,0.7214285714285714,0.2857142857142857,0.0,no,no
S2086,0.7699999999999999,0.6957142857142857,0.2857142857142857,0.42857142857142855,no,yes
S2087,0.7285714285714285,0.7328571428571429,0.14285714285714285,0.14285714285714285,yes,no
S2088,0.8033333333333333,0.6333333333333333,0.3333333333333333,0.3333333333333333,no,yes
S2089,0.82,0.678,0.2,0.0,yes,no
S2090,0.77,0.662,0.0,0.2,yes,no
S2091,0.8825,0.8724999999999999,0.0,0.25,yes,no
S2092,0.6533333333333333,0.54,0.3333333333333333,0.3333333333333333,no,yes
S2094,0.8109090909090909,0.6863636363636364,0.0,0.0,yes,no
S2095,0.8,0.8119999999999999,0.2,0.2,yes,no
S2096,0.72875,0.6950000000000001,0.5,0.125,no,no
S2097,0.7375,0.7825,0.25,0.25,no,no
S2098,0.8728571428571429,0.7485714285714286,0.14285714285714285,0.14285714285714285,yes,no
S2099,0.732,0.702,0.6,0.0,no,no
S2100,0.975,0.6599999999999999,0.5,0.0,no,no
S2101,0.735,0.575,0.0,0.0,no,no
S2102,0.7799999999999999,0.5733333333333334,0.0,0.3333333333333333,no,yes
S2103,0.8033333333333333,0.7233333333333333,0.3333333333333333,0.0,no,no
S2104,0.734,0.7619999999999999,0.2,0.0,yes,no
S2105,0.815,0.8366666666666666,0.16666666666666666,0.3333333333333333,yes,yes
S2106,0.6655555555555556,0.8044444444444445,0.3333333333333333,0.0,no,no
S2107,0.8666666666666667,0.45333333333333337,0.0,0.3333333333333333,no,yes
S2108,0.55,0.7125,0.0,0.25,yes,no
S2109,0.7949999999999999,0.8316666666666667,0.16666666666666666,0.16666666666666666,yes,no
S2110,0.792,0.594,0.2,0.6,no,yes
S2111,0.7663636363636364,0.6354545454545455,0.2727272727272727,0.09090909090909091,no,no
S2112,0.8063636363636363,0.7563636363636363,0.0,0.09090909090909091,yes,no
S2113,0.7966666666666667,0.7416666666666667,0.16666666666666666,0.16666666666666666,yes,no
S2114,0.755,0.6783333333333333,0.16666666666666666,0.0,yes,no
S2115,0.7728571428571429,0.79,0.42857142857142855,0.0,no,no
S2116,0.7471428571428572,0.6457142857142858,0.0,0.2857142857142857,yes,no
S2117,0.8039999999999999,0.746,0.2,0.2,yes,no
S2118,0.64,0.61,0.0,0.0,yes,no
S2119,0.636,0.784,0.4,0.2,no,no
S2120,0.67,0.7424999999999999,0.0,0.25,yes,no
S2121,0.695,0.635,0.5,0.0,no,no
S2122,0.7457142857142857,0.6671428571428571,0.2857142857142857,0.0,no,no
S2123,0.8166666666666668,0.6633333333333332,0.0,0.3333333333333333,yes,yes
S2124,0.6466666666666666,0.8266666666666667,0.0,0.3333333333333333,yes,yes
S2125,0.78,0.728,0.4,0.2,no,no
S2126,0.85,0.47,0.0,0.0,no,no
S2127,0.8300000000000001,0.7733333333333333,0.3333333333333333,0.0,no,no
S2128,0.6699999999999999,0.5733333333333334,0.16666666666666666,0.16666666666666666,no,no
S2129,0.7533333333333333,0.7366666666666667,0.0,0.3333333333333333,yes,yes
S2130,0.735,0.86,0.16666666666666666,0.16666666666666666,yes,no
S2131,0.6679999999999999,0.6759999999999999,0.4,0.0,no,no
S2132,0.755,0.729,0.1,0.2,yes,no
S2133,0.7275,0.725,0.5,0.25,no,no
S2134,0.76,0.7324999999999999,0.0,0.25,yes,no
S2135,0.8089999999999999,0.716,0.1,0.1,yes,no
S2136,0.7866666666666667,0.65,0.6666666666666666,0.0,no,no
S2137,0.795,0.6725,0.5,0.5,no,yes
S2138,0.876,0.724,0.0,0.2,yes,no
S2139,0.84,0.7525000000000001,0.25,0.0,no,no
S2140,0.6333333333333333,0.7000000000000001,0.3333333333333333,0.0,no,no
S2141,0.5866666666666667,0.7033333333333333,0.3333333333333333,0.6666666666666666,no,yes
S2142,0.8457142857142858,0.7414285714285713,0.2857142857142857,0.2857142857142857,no,no
S2143,0.78,0.7225,0.0,0.25,yes,no
S2144,0.69,0.635,1.0,0.0,no,no
S2145,0.82,0.7233333333333333,0.0,0.6666666666666666,yes,yes
S2146,0.8650000000000001,0.68,0.5,0.0,no,no
S2147,0.6525,0.77,0.25,0.5,no,yes
S2148,0.7877777777777778,0.7644444444444445,0.2222222222222222,0.2222222222222222,yes,no
S2149,0.788,0.7220000000000001,0.2,0.0,yes,no
S2150,0.7966666666666667,0.8066666666666666,0.0,0.0,yes,no
S2151,0.87,0.7333333333333334,0.0,0.3333333333333333,yes,yes
S2152,0.75,0.79,0.3333333333333333,0.0,no,no
S2153,0.8300000000000001,0.7475,0.25,0.0,no,no
S2154,0.7375,0.7575000000000001,0.25,0.0,no,no
S2155,0.7885714285714285,0.8042857142857143,0.42857142857142855,0.2857142857142857,no,no
S2156,0.595,0.775,0.0,0.0,yes,no
S2157,0.6683333333333333,0.63,0.0,0.0,yes,no
S2158,0.7140000000000001,0.688,0.0,0.2,yes,no
S2159,0.6842857142857143,0.7757142857142857,0.14285714285714285,0.14285714285714285,yes,no
S2160,0.7999999999999999,0.7414285714285713,0.2857142857142857,0.14285714285714285,no,no
S2161,0.7133333333333334,0.7955555555555556,0.4444444444444444,0.0,no,no
S2162,0.79,0.7133333333333334,0.0,0.0,yes,no
S2163,0.86,0.77,1.0,0.0,no,no
S2164,0.795,0.7425,0.25,0.25,no,no
S2165,0.772,0.826,0.6,0.2,no,no
S2166,0.84,0.6866666666666666,0.0,0.0,yes,no
S2167,0.7285714285714285,0.6185714285714285,0.2857142857142857,0.0,no,no
S2168,0.69,0.58,0.0,0.16666666666666666,no,no
S2169,0.7200000000000001,0.69,0.3333333333333333,0.0,no,no
S2170,0.785,0.64,0.75,0.0,no,no
S2171,0.8057142857142858,0.6757142857142858,0.14285714285714285,0.2857142857142857,yes,no
S2172,0.7060000000000001,0.748,0.2,0.2,yes,no
S2173,0.64,0.745,0.0,0.0,yes,no
S2174,0.6983333333333334,0.6316666666666667,0.16666666666666666,0.3333333333333333,yes,yes
S2175,0.71,0.835,0.25,0.25,no,no
S2176,0.7342857142857143,0.7342857142857142,0.2857142857142857,0.0,no,no
S2177,0.7285714285714285,0.8099999999999999,0.0,0.14285714285714285,yes,no
S2178,0.7414285714285714,0.7257142857142858,0.14285714285714285,0.42857142857142855,yes,yes
S2179,0.7642857142857142,0.6114285714285714,0.42857142857142855,0.0,no,no
S2180,0.7816666666666666,0.7799999999999999,0.16666666666666666,0.16666666666666666,yes,no
S2181,0.7966666666666667,0.7433333333333333,0.3333333333333333,0.0,no,no
S2182,0.8500000000000001,0.755,0.0,0.0,yes,no
S2183,0.785,0.5066666666666667,0.0,0.0,no,no
S2184,0.6985714285714285,0.6757142857142858,0.0,0.0,yes,no
S2185,0.758888888888889,0.7722222222222223,0.2222222222222222,0.0,yes,no
S2186,0.5866666666666668,0.5333333333333333,0.0,0.0,no,no
S2187,0.54,0.6766666666666667,0.0,0.0,yes,no
S2188,0.715,0.8825000000000001,0.0,0.0,yes,no
S2189,0.835,0.7549999999999999,0.0,0.0,yes,no
S2190,0.792,0.818,0.4,0.0,no,no
S2191,0.74,0.6585714285714286,0.14285714285714285,0.14285714285714285,yes,no
S2192,0.766,0.466,0.0,0.2,no,no
S2193,0.8066666666666666,0.655,0.16666666666666666,0.3333333333333333,yes,yes
S2194,0.825,0.7549999999999999,0.5,0.5,no,yes
S2195,0.68375,0.7825,0.125,0.25,yes,no
S2196,0.7433333333333333,0.75,0.3333333333333333,0.0,no,no
S2197,0.8380000000000001,0.724,0.2,0.2,yes,no
S2198,0.758,0.766,0.0,0.2,yes,no
S2199,0.48,0.66,0.0,1.0,yes,yes
S2200,0.73,0.724,0.0,0.0,yes,no
S2201,0.7277777777777777,0.7344444444444445,0.2222222222222222,0.1111111111111111,yes,no
S2202,0.805,0.79,0.5,0.5,no,yes
S2203,0.748,0.7859999999999999,0.0,0.4,yes,yes
S2204,0.7357142857142858,0.7157142857142856,0.14285714285714285,0.2857142857142857,yes,no
S2205,0.8266666666666667,0.8216666666666667,0.3333333333333333,0.0,no,no
S2206,0.7414285714285714,0.6828571428571429,0.14285714285714285,0.0,yes,no
S2207,0.78,0.575,0.0,0.0,no,no
S2208,0.7299999999999999,0.7485714285714286,0.0,0.42857142857142855,yes,yes
S2209,0.84,0.5933333333333334,0.0,0.0,no,no
S2210,0.8375,0.7775000000000001,0.5,0.0,no,no
S2211,0.7366666666666667,0.6433333333333333,0.6666666666666666,0.0,no,no
S2212,0.7342857142857142,0.6585714285714286,0.2857142857142857,0.0,no,no
S2213,0.7066666666666667,0.6033333333333334,0.3333333333333333,0.3333333333333333,no,yes
S2214,0.79,0.6575,0.125,0.25,yes,no
S2215,0.6849999999999999,0.6799999999999999,0.125,0.25,yes,no
S2216,0.78,0.7150000000000001,0.1,0.1,yes,no
S2217,0.7233333333333333,0.8099999999999999,0.3333333333333333,0.3333333333333333,no,yes
S2218,0.715,0.8400000000000001,0.0,0.25,yes,no
S2219,0.8,0.748,0.0,0.2,yes,no
S2220,0.6342857142857143,0.7971428571428572,0.2857142857142857,0.0,no,no
S2221,0.775,0.81,0.16666666666666666,0.0,yes,no
S2222,0.5900000000000001,0.834,0.2,0.0,yes,no
S2223,0.6725,0.845,0.0,0.25,yes,no
S2224,0.8,0.89,0.0,0.0,yes,no
S2225,0.7200000000000001,0.6666666666666666,0.16666666666666666,0.0,yes,no
S2226,0.8140000000000001,0.5740000000000001,0.4,0.0,no,no
S2227,0.78,0.415,0.0,0.5,no,yes
S2228,0.81,0.7133333333333334,0.0,0.0,yes,no
S2229,0.7725,0.6924999999999999,0.0,0.25,yes,no
S2230,0.725,0.7783333333333333,0.3333333333333333,0.0,no,no
S2231,0.808,0.632,0.2,0.2,yes,no
S2232,0.7133333333333334,0.7633333333333333,0.3333333333333333,0.16666666666666666,no,no
S2233,0.69875,0.69625,0.0,0.25,yes,no
S2234,0.6033333333333334,0.7066666666666667,0.3333333333333333,0.3333333333333333,no,yes
S2235,0.778,0.79,0.4,0.0,no,no
S2236,0.8700000000000001,0.7266666666666667,0.3333333333333333,0.0,no,no
S2237,0.728,0.632,0.2,0.4,yes,yes
S2238,0.7814285714285714,0.71,0.14285714285714285,0.2857142857142857,yes,no
S2239,0.7316666666666666,0.7866666666666666,0.3333333333333333,0.0,no,no
S2240,0.765,0.6975,0.25,0.0,no,no
S2241,0.7883333333333334,0.7183333333333334,0.3333333333333333,0.16666666666666666,no,no
S2242,0.7266666666666666,0.6933333333333334,0.0,0.0,yes,no
S2243,0.70625,0.74625,0.375,0.0,no,no
S2244,0.7091666666666666,0.64,0.08333333333333333,0.16666666666666666,yes,no
S2245,0.74125,0.7725,0.0,0.125,yes,no
S2246,0.764,0.744,0.2,0.0,yes,no
S2247,0.755,0.8125,0.0,0.0,yes,no
S2248,0.7225,0.7575,0.125,0.375,yes,yes
S2249,0.7828571428571429,0.6528571428571429,0.14285714285714285,0.14285714285714285,yes,no
S2250,0.7600000000000001,0.6966666666666667,0.3333333333333333,0.0,no,no
S2251,0.73,0.735,0.5,0.0,no,no
S2252,0.66,0.7949999999999999,0.3333333333333333,0.0,no,no
S2253,0.6485714285714286,0.7257142857142858,0.14285714285714285,0.42857142857142855,yes,yes
S2254,0.77,0.5499999999999999,0.0,0.0,no,no
S2255,0.6333333333333333,0.6466666666666666,0.0,0.3333333333333333,yes,yes
S2256,0.6928571428571428,0.7114285714285715,0.14285714285714285,0.5714285714285714,yes,yes
S2257,0.726,0.682,0.2,0.0,yes,no
S2258,0.6599999999999999,0.752,0.4,0.0,no,no
S2259,0.8814285714285715,0.6914285714285714,0.0,0.2857142857142857,yes,no
S2260,0.8325,0.665,0.0,0.25,yes,no
S2261,0.6875,0.7150000000000001,0.5,0.25,no,no
S2262,0.8114285714285714,0.7157142857142856,0.14285714285714285,0.2857142857142857,yes,no
S2263,0.75,0.8557142857142858,0.14285714285714285,0.2857142857142857,yes,no
S2264,0.7628571428571428,0.7285714285714285,0.0,0.14285714285714285,yes,no
S2265,0.6599999999999999,0.72,0.0,0.0,yes,no
S2266,0.7666666666666666,0.8233333333333333,0.3333333333333333,0.3333333333333333,no,yes
S2267,0.875,0.79,0.0,0.5,yes,yes
S2268,0.709,0.771,0.3,0.0,no,no
S2269,0.8200000000000001,0.6857142857142857,0.0,0.14285714285714285,yes,no
S2270,0.735,0.6183333333333333,0.16666666666666666,0.3333333333333333,yes,yes
S2271,0.7633333333333333,0.6883333333333334,0.3333333333333333,0.0,no,no
S2272,0.8033333333333333,0.7033333333333333,0.16666666666666666,0.0,yes,no
S2273,0.7075,0.615,0.5,0.0,no,no
S2274,0.7016666666666667,0.7283333333333334,0.16666666666666666,0.0,yes,no
S2275,0.7828571428571429,0.7257142857142858,0.2857142857142857,0.14285714285714285,no,no
S2276,0.615,0.5775,0.0,0.25,no,no
S2277,0.7085714285714285,0.7557142857142857,0.2857142857142857,0.0,no,no
S2278,0.73,0.6675,0.25,0.125,no,no
S2279,0.8125,0.7,0.25,0.25,no,no
S2280,0.62,0.53,0.0,0.5,no,yes
S2281,0.7316666666666668,0.6566666666666666,0.0,0.3333333333333333,yes,yes
S2282,0.6637500000000001,0.61625,0.25,0.375,no,yes
S2283,0.8099999999999999,0.694,0.0,0.2,yes,no
S2284,0.7939999999999999,0.788,0.2,0.0,yes,no
S2285,0.5825,0.5175,0.25,0.25,no,no
S2286,0.73,0.6675,0.0,0.25,yes,no
S2287,0.70625,0.5775,0.125,0.0,no,no
S2288,0.745,0.795,0.25,0.25,no,no
S2289,0.799090909090909,0.6881818181818182,0.36363636363636365,0.09090909090909091,no,no
S2290,0.6,0.67,0.0,0.0,yes,no
S2291,0.88,0.725,0.0,0.0,yes,no
S2292,0.791,0.6849999999999999,0.2,0.2,yes,no
S2293,0.7477777777777779,0.7277777777777777,0.3333333333333333,0.1111111111111111,no,no
S2294,0.65,0.62,0.2,0.0,yes,no
S2295,0.716,0.738,0.0,0.2,yes,no
S2296,0.76,0.786,0.0,0.0,yes,no
S2297,0.88,0.685,0.5,0.0,no,no
S2298,0.665,0.905,0.5,0.0,no,no
S2299,0.8166666666666668,0.5683333333333334,0.16666666666666666,0.16666666666666666,no,no
S2300,0.83,0.665,0.375,0.125,no,no
S2301,0.73,0.635,0.16666666666666666,0.0,yes,no
S2302,0.7433333333333333,0.7183333333333333,0.3333333333333333,0.16666666666666666,no,no
S2303,0.8277777777777778,0.7388888888888889,0.1111111111111111,0.0,yes,no
S2304,0.79,0.7325,0.0,0.0,yes,no
S2305,0.745,0.735,0.0,0.0,yes,no
S2306,0.805,0.59,0.125,0.0,no,no
S2307,0.8036363636363636,0.6554545454545454,0.09090909090909091,0.18181818181818182,yes,no
S2308,0.7866666666666667,0.6233333333333334,0.0,0.3333333333333333,yes,yes
S2309,0.8160000000000001,0.6980000000000001,0.2,0.0,yes,no
S2310,0.8166666666666668,0.8166666666666668,0.3333333333333333,0.3333333333333333,no,yes
S2311,0.8300000000000001,0.6466666666666666,0.3333333333333333,0.3333333333333333,no,yes
S2312,0.825,0.8400000000000001,0.5,0.0,no,no
S2313,0.9,0.6133333333333333,0.0,0.0,yes,no
S2314,0.7133333333333333,0.8433333333333333,0.0,0.0,yes,no
S2315,0.77,0.8039999999999999,0.6,0.0,no,no
S2316,0.7799999999999999,0.63,0.0,0.16666666666666666,yes,no
S2317,0.8166666666666668,0.7400000000000001,0.0,0.16666666666666666,yes,no
S2318,0.795,0.6425000000000001,0.0,0.0,yes,no
S2319,0.715,0.7125,0.25,0.0,no,no
S2320,0.745,0.8375,0.5,0.0,no,no
S2321,0.7999999999999999,0.6699999999999999,0.3333333333333333,0.0,no,no
S2323,0.725,0.7025,0.25,0.0,no,no
S2324,0.8114285714285714,0.7442857142857143,0.7142857142857143,0.0,no,no
S2325,0.655,0.5,0.5,0.0,no,no
S2326,0.65,0.7200000000000001,0.0,0.0,yes,no
S2327,0.67,0.7825,0.0,0.25,yes,no
S2328,0.655,0.6799999999999999,0.125,0.125,yes,no
S2329,0.66875,0.78625,0.125,0.0,yes,no
S2330,0.7799999999999999,0.82,0.6666666666666666,0.0,no,no
S2331,0.6483333333333333,0.7433333333333333,0.0,0.3333333333333333,yes,yes
S2332,0.74,0.7825,0.25,0.25,no,no
S2333,0.8075,0.7075,0.125,0.25,yes,no
S2334,0.712,0.754,0.2,0.0,yes,no
S2335,0.782,0.71,0.2,0.4,yes,yes
S2336,0.82,0.74,0.0,0.0,yes,no
S2337,0.61,0.63,0.0,0.0,yes,no
S2338,0.85,0.6839999999999999,0.4,0.0,no,no
S2339,0.71,0.768,0.0,0.2,yes,no
S2340,0.81,0.78,0.0,0.0,yes,no
S2341,0.768,0.728,0.0,0.0,yes,no
S2342,0.7966666666666667,0.7949999999999999,0.3333333333333333,0.3333333333333333,no,yes
S2343,0.7185714285714286,0.7771428571428572,0.14285714285714285,0.0,yes,no
S2344,0.7933333333333333,0.7000000000000001,0.0,0.0,yes,no
S2345,0.58,0.6266666666666667,0.6666666666666666,0.0,no,no
S2346,0.8033333333333333,0.79,0.3333333333333333,0.0,no,no
S2347,0.6922222222222223,0.7022222222222223,0.2222222222222222,0.0,yes,no
S2348,0.7466666666666667,0.6666666666666666,0.0,0.6666666666666666,yes,yes
S2349,0.7083333333333334,0.685,0.16666666666666666,0.0,yes,no
S2350,0.7328571428571429,0.7442857142857143,0.14285714285714285,0.2857142857142857,yes,no
S2351,0.69,0.815,0.5,0.5,no,yes
S2352,0.69,0.5466666666666667,0.0,0.0,no,no
S2353,0.76,0.8275,0.0,0.5,yes,yes
S2354,0.7737499999999999,0.6699999999999999,0.125,0.125,yes,no
S2355,0.8,0.6875,0.0,0.0,yes,no
S2356,0.6266666666666666,0.6033333333333334,0.0,0.3333333333333333,yes,yes
S2357,0.5775,0.875,0.0,0.0,yes,no
S2358,0.64,0.6425000000000001,0.0,0.5,yes,yes
S2359,0.812857142857143,0.7128571428571429,0.0,0.2857142857142857,yes,no
S2360,0.5980000000000001,0.764,0.4,0.0,no,no
S2361,0.6666666666666666,0.8166666666666668,0.0,0.3333333333333333,yes,yes
S2362,0.77,0.7775,0.25,0.25,no,no
S2363,0.7633333333333333,0.7999999999999999,0.3333333333333333,0.0,no,no
S2364,0.72,0.7,0.25,0.25,no,no
S2365,0.7683333333333334,0.6716666666666667,0.16666666666666666,0.0,yes,no
S2366,0.8171428571428571,0.6128571428571429,0.14285714285714285,0.14285714285714285,yes,no
S2367,0.744,0.73,0.2,0.2,yes,no
S2368,0.76375,0.5700000000000001,0.25,0.25,no,no
S2369,0.7116666666666666,0.6366666666666667,0.3333333333333333,0.16666666666666666,no,no
S2370,0.766,0.772,0.4,0.0,no,no
S2371,0.69,0.6425000000000001,0.25,0.25,no,no
S2372,0.75,0.7825,0.0,0.0,yes,no
S2373,0.76,0.6679999999999999,0.4,0.0,no,no
S2374,0.79,0.79,0.0,0.3333333333333333,yes,yes
S2375,0.6944444444444444,0.7088888888888889,0.2222222222222222,0.2222222222222222,yes,no
S2376,0.7233333333333333,0.7266666666666666,0.3333333333333333,0.0,no,no
S2377,0.7200000000000001,0.7433333333333333,0.5,0.0,no,no
S2378,0.68375,0.6775,0.125,0.125,yes,no
S2379,0.766,0.696,0.0,0.0,yes,no
S2380,0.845,0.72,0.25,0.0,no,no
S2381,0.79,0.7442857142857143,0.14285714285714285,0.14285714285714285,yes,no
S2382,0.82,0.6639999999999999,0.2,0.2,yes,no
S2383,0.87,0.68,0.0,0.0,yes,no
S2384,0.7775,0.6275,0.25,0.25,no,no
S2385,0.7375,0.6425000000000001,0.25,0.75,no,yes
S2386,0.866,0.78,0.4,0.0,no,no
S2387,0.82,0.7799999999999999,0.0,0.0,yes,no
S2388,0.65,0.6900000000000001,0.4,0.2,no,no
S2389,0.724,0.6399999999999999,0.2,0.6,yes,yes
S2390,0.7728571428571429,0.6957142857142857,0.14285714285714285,0.0,yes,no
S2391,0.7071428571428572,0.7385714285714285,0.14285714285714285,0.0,yes,no
S2392,0.6633333333333333,0.7316666666666666,0.16666666666666666,0.16666666666666666,yes,no
S2393,0.6916666666666668,0.7566666666666667,0.0,0.16666666666666666,yes,no
S2394,0.7366666666666667,0.6516666666666667,0.3333333333333333,0.16666666666666666,no,no
S2395,0.7957142857142857,0.6928571428571428,0.14285714285714285,0.2857142857142857,yes,no
S2396,0.7555555555555555,0.7455555555555555,0.1111111111111111,0.0,yes,no
S2397,0.8150000000000001,0.8225,0.0,0.0,yes,no
S2398,0.7838461538461539,0.7630769230769231,0.23076923076923078,0.23076923076923078,yes,no
S2399,0.696,0.6759999999999999,0.0,0.0,yes,no
S2400,0.8116666666666666,0.6416666666666667,0.16666666666666666,0.16666666666666666,yes,no
S2401,0.6625,0.61,0.25,0.0,no,no
S2402,0.7949999999999999,0.7666666666666666,0.16666666666666666,0.3333333333333333,yes,yes
S2403,0.6766666666666667,0.6833333333333332,0.0,0.3333333333333333,yes,yes
S2404,0.80125,0.7125,0.25,0.25,no,no
S2405,0.75,0.6849999999999999,0.5,0.25,no,no
S2406,0.77,0.7333333333333334,0.3333333333333333,0.3333333333333333,no,yes
S2407,0.7016666666666667,0.7166666666666667,0.16666666666666666,0.5,yes,yes
S2408,0.7799999999999999,0.9,0.3333333333333333,0.0,no,no
S2409,0.7949999999999999,0.53,0.5,0.0,no,no
S2410,0.7133333333333334,0.7666666666666666,0.0,0.3333333333333333,yes,yes
S2411,0.63,0.7744444444444444,0.1111111111111111,0.1111111111111111,yes,no
S2412,0.835,0.815,0.0,0.25,yes,no
S2413,0.7383333333333333,0.7266666666666667,0.0,0.0,yes,no
S2414,0.7799999999999999,0.7033333333333333,0.0,0.0,yes,no
S2415,0.776,0.788,0.2,0.2,yes,no
S2416,0.84,0.8233333333333333,0.3333333333333333,0.0,no,no
S2417,0.7566666666666667,0.7533333333333333,0.0,0.0,yes,no
S2418,0.736,0.554,0.2,0.0,no,no
S2419,0.8211111111111111,0.6566666666666667,0.1111111111111111,0.1111111111111111,yes,no
S2420,0.796,0.744,0.2,0.0,yes,no
S2421,0.73,0.785,0.25,0.0,no,no
S2422,0.7733333333333333,0.7288888888888888,0.3333333333333333,0.1111111111111111,no,no
S2423,0.7625,0.715,0.0,0.0,yes,no
S2424,0.74,0.72,0.5,0.0,no,no
S2425,0.741,0.8320000000000001,0.1,0.0,yes,no
S2426,0.7528571428571428,0.6699999999999999,0.42857142857142855,0.0,no,no
S2427,0.7744444444444444,0.7933333333333333,0.3333333333333333,0.4444444444444444,no,yes
S2428,0.59,0.75,0.5,0.5,no,yes
S2429,0.6566666666666667,0.8166666666666668,0.0,0.3333333333333333,yes,yes
S2430,0.8133333333333334,0.6416666666666667,0.16666666666666666,0.0,yes,no
S2431,0.82,0.715,0.16666666666666666,0.3333333333333333,yes,yes
S2432,0.7,0.93,0.0,0.0,yes,no
S2433,0.7683333333333334,0.7866666666666666,0.0,0.0,yes,no
S2434,0.7516666666666666,0.745,0.3333333333333333,0.6666666666666666,no,yes
S2435,0.7399999999999999,0.6666666666666666,0.3333333333333333,0.3333333333333333,no,yes
S2436,0.8300000000000001,0.7999999999999999,0.0,0.0,yes,no
S2437,0.76,0.6279999999999999,0.0,0.2,yes,no
S2438,0.7766666666666667,0.88,0.0,1.0,yes,yes
S2439,0.6671428571428571,0.7614285714285715,0.2857142857142857,0.2857142857142857,no,no
S2440,0.7688888888888888,0.6377777777777778,0.1111111111111111,0.0,yes,no
S2441,0.8333333333333334,0.6566666666666666,0.6666666666666666,0.3333333333333333,no,yes
S2442,0.716,0.784,0.2,0.0,yes,no
S2443,0.7849999999999999,0.721,0.0,0.3,yes,no
S2444,0.735,0.48,0.0,0.0,no,no
S2445,0.78625,0.70875,0.25,0.0,no,no
S2446,0.7200000000000001,0.7399999999999999,0.3333333333333333,0.0,no,no
S2447,0.7133333333333334,0.7400000000000001,0.6666666666666666,0.0,no,no
S2448,0.7666666666666666,0.7233333333333333,0.0,0.6666666666666666,yes,yes
S2449,0.6950000000000001,0.704,0.3,0.3,no,no
S2450,0.71,0.6425000000000001,0.25,0.5,no,yes
S2451,0.7133333333333334,0.5666666666666667,0.0,0.0,no,no
S2452,0.72625,0.72,0.125,0.0,yes,no
S2453,0.7033333333333333,0.7133333333333334,0.0,0.6666666666666666,yes,yes
S2454,0.784,0.72,0.0,0.0,yes,no
S2455,0.7475,0.685,0.25,0.0,no,no
S2456,0.865,0.79,0.5,0.0,no,no
S2457,0.7214285714285714,0.6357142857142858,0.2857142857142857,0.2857142857142857,no,no
S2458,0.8233333333333333,0.6,0.6666666666666666,0.0,no,no
S2459,0.842,0.6839999999999999,0.0,0.0,yes,no
S2460,0.6,0.75,0.0,0.0,yes,no
S2461,0.7328571428571429,0.6785714285714286,0.2857142857142857,0.14285714285714285,no,no
S2462,0.8457142857142858,0.8257142857142857,0.14285714285714285,0.14285714285714285,yes,no
S2463,0.8939999999999999,0.82,0.4,0.2,no,no
S2464,0.74,0.72125,0.25,0.125,no,no
S2465,0.755,0.749,0.3,0.1,no,no
S2466,0.68,0.8633333333333333,0.0,0.3333333333333333,yes,yes
S2467,0.782,0.63,0.2,0.0,yes,no
S2468,0.775,0.55,0.0,0.5,no,yes
S2469,0.795,0.6325000000000001,0.25,0.25,no,no
S2470,0.8300000000000001,0.6133333333333334,0.0,0.0,yes,no
S2471,0.675,0.7849999999999999,0.0,0.5,yes,yes
S2472,0.794,0.786,0.2,0.4,yes,yes
S2473,0.85,0.76625,0.5,0.125,no,no
S2474,0.71625,0.68375,0.125,0.0,yes,no
S2475,0.73125,0.7075,0.125,0.125,yes,no
S2476,0.7766666666666667,0.7033333333333333,0.0,0.0,yes,no
S2477,0.66125,0.71875,0.375,0.375,no,yes
S2478,0.7566666666666667,0.5133333333333333,0.6666666666666666,0.0,no,no
S2479,0.772,0.7,0.2,0.2,yes,no
S2480,0.7766666666666667,0.8533333333333334,0.6666666666666666,0.3333333333333333,no,yes
S2481,0.758,0.674,0.0,0.8,yes,yes
S2482,0.8022222222222222,0.8511111111111112,0.1111111111111111,0.1111111111111111,yes,no
S2483,0.7711111111111112,0.73,0.0,0.2222222222222222,yes,no
S2485,0.7033333333333333,0.3733333333333333,0.0,0.3333333333333333,no,yes
S2486,0.7325,0.56,0.25,0.5,no,yes
S2487,0.8460000000000001,0.744,0.2,0.0,yes,no
S2488,0.78,0.678,0.6,0.2,no,no
S2489,0.7266666666666667,0.7599999999999999,0.0,0.3333333333333333,yes,yes
S2490,0.682,0.632,0.2,0.2,yes,no
S2491,0.74,0.6980000000000001,0.4,0.4,no,yes
S2492,0.7783333333333333,0.725,0.6666666666666666,0.16666666666666666,no,no
S2493,0.6725,0.4875,0.0,0.5,no,yes
S2494,0.7083333333333334,0.75,0.16666666666666666,0.5,yes,yes
S2495,0.7625,0.815,0.0,0.25,yes,no
S2496,0.665,0.6375,0.25,0.0,no,no
S2497,0.8375,0.70875,0.0,0.375,yes,yes
S2498,0.6933333333333334,0.73,0.3333333333333333,0.3333333333333333,no,yes
S2499,0.825,0.6775,0.5,0.0,no,no
S2500,0.78,0.74,0.5,0.0,no,no
S2501,0.765,0.7366666666666667,0.16666666666666666,0.16666666666666666,yes,no
S2502,0.7425,0.86,0.25,0.0,no,no
S2503,0.82125,0.66625,0.25,0.125,no,no
S2504,0.7849999999999999,0.75,0.0,0.0,yes,no
S2505,0.7685714285714286,0.84,0.14285714285714285,0.14285714285714285,yes,no
S2506,0.635,0.795,0.0,0.0,yes,no
S2507,0.7283333333333334,0.785,0.16666666666666666,0.5,yes,yes
S2508,0.758,0.782,0.3,0.1,no,no
S2509,0.67,0.6699999999999999,0.0,0.0,yes,no
S2510,0.7090909090909091,0.7781818181818182,0.09090909090909091,0.2727272727272727,yes,no
S2511,0.7066666666666667,0.7344444444444443,0.0,0.3333333333333333,yes,yes
S2512,0.72,0.655,0.0,0.5,yes,yes
S2513,0.7366666666666667,0.63,0.3333333333333333,0.0,no,no
S2514,0.7042857142857143,0.7857142857142857,0.5714285714285714,0.14285714285714285,no,no
S2515,0.692,0.758,0.1,0.1,yes,no
S2516,0.795,0.7875,0.25,0.0,no,no
S2517,0.7616666666666667,0.755,0.25,0.0,no,no
S2518,0.6866666666666666,0.77,0.3333333333333333,0.16666666666666666,no,no
S2519,0.7457142857142858,0.7285714285714285,0.42857142857142855,0.14285714285714285,no,no
S2520,0.736,0.8140000000000001,0.2,0.2,yes,no
S2521,0.8409090909090909,0.6918181818181819,0.18181818181818182,0.2727272727272727,yes,no
S2522,0.79,0.71,0.5,0.0,no,no
S2523,0.6033333333333334,0.6266666666666666,0.3333333333333333,0.3333333333333333,no,yes
S2524,0.6485714285714286,0.7285714285714285,0.14285714285714285,0.14285714285714285,yes,no
S2525,0.73,0.686,0.2,0.2,yes,no
S2526,0.7866666666666666,0.6877777777777777,0.0,0.2222222222222222,yes,no
S2527,0.8125,0.65,0.25,0.125,no,no
S2528,0.71,0.7833333333333333,0.0,0.3333333333333333,yes,yes
S2529,0.8475,0.64,0.0,0.5,yes,yes
S2530,0.7775,0.7208333333333333,0.16666666666666666,0.08333333333333333,yes,no
S2531,0.54,0.7,0.0,0.5,yes,yes
S2532,0.8,0.6980000000000001,0.6,0.0,no,no
S2533,0.655,0.7783333333333333,0.16666666666666666,0.0,yes,no
S2534,0.736,0.714,0.2,0.2,yes,no
S2535,0.7833333333333333,0.7433333333333333,0.3333333333333333,0.16666666666666666,no,no
S2536,0.8225,0.6575,0.5,0.0,no,no
S2537,0.84,0.6433333333333333,0.6666666666666666,0.0,no,no
S2538,0.885,0.71,0.0,0.0,yes,no
S2539,0.7475,0.7875000000000001,0.75,0.0,no,no
S2540,0.7799999999999999,0.7333333333333334,0.0,0.0,yes,no
S2541,0.7628571428571428,0.6171428571428572,0.0,0.2857142857142857,yes,no
S2542,0.818,0.71,0.6,0.0,no,no
S2543,0.76,0.71,0.0,0.4,yes,yes
S2544,0.7749999999999999,0.775,1.0,0.0,no,no
S2545,0.738,0.734,0.4,0.0,no,no
S2546,0.6233333333333334,0.7833333333333333,0.0,0.3333333333333333,yes,yes
S2547,0.7,0.735,0.0,0.0,yes,no
S2548,0.8233333333333333,0.7266666666666667,0.3333333333333333,0.0,no,no
S2549,0.6985714285714286,0.7942857142857144,0.2857142857142857,0.14285714285714285,no,no
S2550,0.7050000000000001,0.525,0.0,0.0,no,no
S2551,0.8375,0.79,0.25,0.0,no,no
S2552,0.6433333333333333,0.6416666666666667,0.16666666666666666,0.3333333333333333,yes,yes
S2553,0.8300000000000001,0.715,0.16666666666666666,0.16666666666666666,yes,no
S2554,0.62,0.5725,0.5,0.0,no,no
S2555,0.768,0.6599999999999999,0.2,0.2,yes,no
S2556,0.715,0.715,0.16666666666666666,0.16666666666666666,yes,no
S2557,0.75,0.75,0.0,0.25,yes,no
S2558,0.7071428571428572,0.7871428571428571,0.2857142857142857,0.14285714285714285,no,no
S2559,0.755,0.53,0.0,0.25,no,no
S2560,0.77125,0.6375,0.25,0.125,no,no
S2561,0.7344444444444445,0.66,0.2222222222222222,0.1111111111111111,yes,no
S2562,0.7925,0.75,0.0,0.0,yes,no
S2563,0.8033333333333333,0.7483333333333334,0.16666666666666666,0.16666666666666666,yes,no
S2564,0.76,0.7171428571428571,0.0,0.0,yes,no
S2565,0.7683333333333334,0.6549999999999999,0.5,0.0,no,no
S2566,0.79625,0.75,0.0,0.0,yes,no
S2567,0.7462500000000001,0.73125,0.0,0.125,yes,no
S2568,0.7375,0.7424999999999999,0.25,0.25,no,no
S2569,0.8719999999999999,0.7939999999999999,0.0,0.0,yes,no
S2570,0.6883333333333334,0.7466666666666667,0.16666666666666666,0.0,yes,no
S2571,0.585,0.665,0.0,0.0,yes,no
S2572,0.766,0.7140000000000001,0.2,0.0,yes,no
S2573,0.83,0.54,1.0,0.0,no,no
S2574,0.8316666666666667,0.765,0.0,0.16666666666666666,yes,no
S2575,0.696,0.738,0.0,0.2,yes,no
S2576,0.755,0.71,0.5,0.0,no,no
S2577,0.6333333333333333,0.8033333333333333,0.0,0.6666666666666666,yes,yes
S2578,0.7414285714285714,0.7428571428571429,0.14285714285714285,0.0,yes,no
S2579,0.714,0.632,0.5,0.0,no,no
S2580,0.763,0.693,0.6,0.1,no,no
S2581,0.6333333333333333,0.54,0.3333333333333333,0.0,no,no
S2582,0.7885714285714285,0.6957142857142857,0.14285714285714285,0.14285714285714285,yes,no
S2583,0.7185714285714286,0.6757142857142858,0.14285714285714285,0.14285714285714285,yes,no
S2584,0.8375,0.735,0.5,0.0,no,no
S2585,0.715,0.5883333333333333,0.16666666666666666,0.0,no,no
S2586,0.7433333333333333,0.6616666666666667,0.16666666666666666,0.16666666666666666,yes,no
S2587,0.782,0.6980000000000001,0.0,0.2,yes,no
S2588,0.78,0.7357142857142858,0.42857142857142855,0.0,no,no
S2589,0.7677777777777778,0.6522222222222223,0.2222222222222222,0.2222222222222222,yes,no
S2590,0.67,0.5519999999999999,0.2,0.0,no,no
S2591,0.72,0.7225,0.125,0.25,yes,no
S2592,0.76,0.768,0.0,0.2,yes,no
S2593,0.7,0.54,0.0,0.0,no,no
S2594,0.7,0.6599999999999999,0.0,0.6,yes,yes
S2595,0.8075,0.6875,0.0,0.25,yes,no
S2596,0.75,0.7033333333333333,0.3333333333333333,0.3333333333333333,no,yes
S2597,0.7799999999999999,0.585,0.0,0.3333333333333333,no,yes
S2598,0.7942857142857144,0.6971428571428572,0.42857142857142855,0.14285714285714285,no,no
S2599,0.695,0.7483333333333334,0.0,0.3333333333333333,yes,yes
S2600,0.7966666666666667,0.7716666666666666,0.3333333333333333,0.0,no,no
S2601,0.8325,0.7125,0.25,0.25,no,no
S2602,0.79,0.86,0.3333333333333333,0.3333333333333333,no,yes
S2603,0.6,0.61,0.5,0.0,no,no
S2604,0.7,0.6525000000000001,0.5,0.0,no,no
S2605,0.7457142857142857,0.8285714285714285,0.42857142857142855,0.0,no,no
S2606,0.8380000000000001,0.6679999999999999,0.0,0.2,yes,no
S2607,0.8142857142857143,0.7699999999999999,0.2857142857142857,0.42857142857142855,no,yes
S2608,0.8175,0.8125,0.5,0.25,no,no
S2609,0.8425,0.6975,0.25,0.0,no,no
S2610,0.91,0.97,0.0,0.0,yes,no
S2611,0.8057142857142857,0.8214285714285714,0.14285714285714285,0.2857142857142857,yes,no
S2612,0.7133333333333333,0.88,1.0,0.0,no,no
S2613,0.7687499999999999,0.67,0.375,0.25,no,no
S2614,0.7683333333333334,0.635,0.3333333333333333,0.0,no,no
S2615,0.81,0.8416666666666667,0.16666666666666666,0.3333333333333333,yes,yes
S2616,0.8200000000000001,0.7324999999999999,0.25,0.0,no,no
S2617,0.85,0.7285714285714285,0.5714285714285714,0.0,no,no
S2618,0.766,0.6599999999999999,0.0,0.4,yes,yes
S2619,0.8428571428571429,0.6814285714285714,0.2857142857142857,0.2857142857142857,no,no
S2620,0.7044444444444444,0.6877777777777778,0.3333333333333333,0.1111111111111111,no,no
S2621,0.6479999999999999,0.722,0.2,0.0,yes,no
S2622,0.71,0.7055555555555556,0.2222222222222222,0.3333333333333333,yes,yes
S2623,0.8471428571428571,0.7114285714285714,0.14285714285714285,0.14285714285714285,yes,no
S2624,0.635,0.525,0.16666666666666666,0.16666666666666666,no,no
S2625,0.6385714285714286,0.6885714285714286,0.0,0.14285714285714285,yes,no
S2626,0.716,0.6599999999999999,0.1,0.3,yes,no
S2627,0.74,0.7057142857142857,0.0,0.0,yes,no
S2628,0.595,0.6499999999999999,0.5,0.5,no,yes
S2629,0.76,0.73,0.0,0.5,yes,yes
S2630,0.8025,0.7725,0.25,0.0,no,no
S2631,0.7714285714285715,0.7285714285714285,0.7142857142857143,0.0,no,no
S2632,0.7714285714285715,0.6885714285714286,0.0,0.2857142857142857,yes,no
S2633,0.7983333333333333,0.67,0.0,0.16666666666666666,yes,no
S2634,0.7175,0.705,0.25,0.0,no,no
S2635,0.76,0.775,0.0,0.5,yes,yes
S2636,0.79,0.7999999999999999,0.3333333333333333,0.3333333333333333,no,yes
S2637,0.7788888888888889,0.7388888888888889,0.2222222222222222,0.3333333333333333,yes,yes
S2638,0.812,0.716,0.2,0.2,yes,no
S2639,0.6375,0.7050000000000001,0.0,0.0,yes,no
S2640,0.765,0.7425,0.75,0.0,no,no
S2641,0.8025,0.8049999999999999,0.5,0.0,no,no
S2642,0.5900000000000001,0.8625,0.25,0.25,no,no
S2643,0.8125,0.6825,0.25,0.0,no,no
S2644,0.64,0.81,0.0,0.0,yes,no
S2645,0.8425,0.735,0.25,0.25,no,no
S2646,0.742,0.72,0.2,0.0,yes,no
S2647,0.8175,0.6825,0.25,0.0,no,no
S2648,0.7481818181818182,0.7472727272727273,0.2727272727272727,0.09090909090909091,no,no
S2649,0.7385714285714285,0.7071428571428572,0.42857142857142855,0.0,no,no
S2650,0.5466666666666666,0.6166666666666667,0.6666666666666666,0.0,no,no
S2651,0.69,0.7175,0.25,0.0,no,no
S2652,0.75,0.7849999999999999,0.25,0.0,no,no
S2653,0.7616666666666667,0.8233333333333333,0.16666666666666666,0.0,yes,no
S2654,0.6988888888888889,0.6355555555555557,0.1111111111111111,0.0,yes,no
S2655,0.7833333333333333,0.6699999999999999,0.3333333333333333,0.3333333333333333,no,yes
S2656,0.84,0.7516666666666666,0.3333333333333333,0.3333333333333333,no,yes
S2657,0.7433333333333333,0.6333333333333333,0.3333333333333333,0.0,no,no
S2658,0.6325000000000001,0.74,0.0,0.25,yes,no
S2659,0.7533333333333333,0.73,0.3333333333333333,0.0,no,no
S2660,0.7814285714285714,0.6342857142857142,0.14285714285714285,0.14285714285714285,yes,no
S2661,0.6,0.755,0.0,0.25,yes,no
S2662,0.6685714285714285,0.6757142857142858,0.14285714285714285,0.14285714285714285,yes,no
S2663,0.8144444444444444,0.7422222222222222,0.3333333333333333,0.0,no,no
S2664,0.825,0.78,0.25,0.0,no,no
S2665,0.7616666666666667,0.6,0.3333333333333333,0.16666666666666666,no,no
S2666,0.736,0.786,0.6,0.0,no,no
S2667,0.6799999999999999,0.715,0.0,0.0,yes,no
S2668,0.7400000000000001,0.625,0.16666666666666666,0.16666666666666666,yes,no
S2669,0.79,0.6833333333333332,0.16666666666666666,0.0,yes,no
S2670,0.6900000000000001,0.642,0.0,0.2,yes,no
S2671,0.33,0.54,0.0,0.0,no,no
S2672,0.87,0.7175,0.0,0.0,yes,no
S2673,0.7,0.768,0.2,0.0,yes,no
S2674,0.865,0.705,0.25,0.0,no,no
S2675,0.78,0.79,0.0,0.2,yes,no
S2676,0.692,0.8039999999999999,0.2,0.0,yes,no
S2677,0.845,0.815,0.25,0.25,no,no
S2678,0.6799999999999999,0.7625,0.5,0.25,no,no
S2679,0.7328571428571429,0.6671428571428571,0.0,0.42857142857142855,yes,yes
S2680,0.5733333333333333,0.8233333333333334,0.0,0.6666666666666666,yes,yes
S2681,0.84,0.9,0.0,0.0,yes,no
S2682,0.8400000000000001,0.696,0.0,0.0,yes,no
S2683,0.6722222222222222,0.6888888888888889,0.1111111111111111,0.2222222222222222,yes,no
S2684,0.5614285714285715,0.6685714285714285,0.14285714285714285,0.42857142857142855,yes,yes
S2685,0.662,0.626,0.2,0.0,yes,no
S2686,0.7371428571428572,0.64,0.14285714285714285,0.14285714285714285,yes,no
S2687,0.806,0.72,0.4,0.2,no,no
S2688,0.6075,0.78,0.0,0.5,yes,yes
S2689,0.739,0.674,0.0,0.4,yes,yes
S2690,0.73625,0.79375,0.0,0.25,yes,no
S2691,0.8171428571428571,0.7342857142857143,0.2857142857142857,0.2857142857142857,no,no
S2692,0.7533333333333333,0.8533333333333334,0.0,0.0,yes,no
S2693,0.76875,0.81125,0.375,0.125,no,no
S2694,0.74,0.745,0.25,0.25,no,no
S2695,0.84,0.7775,0.25,0.0,no,no
S2696,0.78,0.736,0.2,0.0,yes,no
S2697,0.7722222222222223,0.7088888888888889,0.0,0.3333333333333333,yes,yes
S2698,0.834,0.702,0.0,0.0,yes,no
S2699,0.835,0.7,0.5,0.5,no,yes
S2700,0.74,0.712,0.0,0.0,yes,no
S2701,0.7616666666666667,0.49500000000000005,0.16666666666666666,0.0,no,no
S2702,0.6922222222222222,0.7255555555555556,0.1111111111111111,0.0,yes,no
S2703,0.8375,0.78125,0.125,0.0,yes,no
S2704,0.8385714285714286,0.6257142857142857,0.42857142857142855,0.0,no,no
S2705,0.738,0.624,0.0,0.4,yes,yes
S2706,0.8475,0.7175,0.5,0.0,no,no
S2707,0.715,0.745,0.0,0.125,yes,no
S2708,0.635,0.81,0.5,0.0,no,no
S2709,0.7000000000000001,0.6566666666666666,0.0,0.6666666666666666,yes,yes
S2710,0.7424999999999999,0.75375,0.25,0.125,no,no
S2711,0.7433333333333333,0.7066666666666667,0.0,0.0,yes,no
S2712,0.75,0.666,0.4,0.2,no,no
S2713,0.9,0.8,0.0,0.0,yes,no
S2714,0.7224999999999999,0.77,0.0,0.5,yes,yes
S2715,0.8300000000000001,0.7566666666666667,0.0,0.3333333333333333,yes,yes
S2716,0.8014285714285715,0.7128571428571429,0.42857142857142855,0.0,no,no
S2717,0.755,0.68625,0.125,0.125,yes,no
S2718,0.7775,0.7825,0.0,0.0,yes,no
S2719,0.7399999999999999,0.7166666666666667,0.0,0.0,yes,no
S2720,0.835,0.7616666666666667,0.3333333333333333,0.3333333333333333,no,yes
S2721,0.75,0.6614285714285714,0.14285714285714285,0.14285714285714285,yes,no
S2722,0.7787499999999999,0.72375,0.25,0.125,no,no
S2723,0.8414285714285714,0.6828571428571429,0.0,0.2857142857142857,yes,no
S2724,0.7242857142857143,0.6971428571428572,0.2857142857142857,0.0,no,no
S2725,0.8142857142857143,0.6771428571428572,0.42857142857142855,0.0,no,no
S2726,0.8416666666666667,0.7166666666666667,0.5,0.0,no,no
S2727,0.8300000000000001,0.694,0.4,0.0,no,no
S2728,0.78,0.935,0.0,0.0,yes,no
S2729,0.8220000000000001,0.722,0.8,0.0,no,no
S2730,0.88125,0.66625,0.25,0.0,no,no
S2731,0.88,0.7533333333333333,0.5,0.16666666666666666,no,no
S2732,0.72,0.68125,0.125,0.0,yes,no
S2733,0.92,0.73,0.0,0.0,yes,no
S2734,0.762,0.768,0.2,0.0,yes,no
S2735,0.7600000000000001,0.6566666666666666,0.0,0.3333333333333333,yes,yes
S2736,0.84,0.8,0.0,0.0,yes,no
S2737,0.784,0.708,0.4,0.2,no,no
S2738,0.6625,0.5800000000000001,0.0,0.5,no,yes
S2739,0.7185714285714285,0.6485714285714286,0.2857142857142857,0.0,no,no
S2740,0.7483333333333334,0.7816666666666666,0.0,0.3333333333333333,yes,yes
S2741,0.77,0.645,0.5,0.0,no,no
S2742,0.7599999999999999,0.7266666666666666,0.0,0.0,yes,no
S2743,0.6657142857142857,0.7314285714285714,0.0,0.2857142857142857,yes,no
S2744,0.7566666666666667,0.6166666666666667,0.0,0.3333333333333333,yes,yes
S2745,0.7483333333333334,0.7933333333333333,0.16666666666666666,0.3333333333333333,yes,yes
S2746,0.858,0.592,0.2,0.4,no,yes
S2747,0.7683333333333334,0.695,0.3333333333333333,0.3333333333333333,no,yes
S2748,0.89,0.6775,0.25,0.25,no,no
S2749,0.7375,0.75,0.0,0.0,yes,no
S2750,0.8875,0.7175,0.0,0.0,yes,no
S2751,0.8266666666666667,0.805,0.0,0.6666666666666666,yes,yes
S2752,0.7475,0.775,0.25,0.0,no,no
S2753,0.6809090909090909,0.6627272727272727,0.18181818181818182,0.18181818181818182,yes,no
S2754,0.7711111111111112,0.7211111111111111,0.1111111111111111,0.2222222222222222,yes,no
S2755,0.74,0.72,0.4,0.2,no,no
S2756,0.8099999999999999,0.7328571428571429,0.42857142857142855,0.0,no,no
S2757,0.75125,0.705,0.125,0.125,yes,no
S2758,0.7183333333333333,0.7333333333333334,0.3333333333333333,0.0,no,no
S2759,0.8242857142857142,0.7185714285714286,0.14285714285714285,0.14285714285714285,yes,no
S2760,0.8314285714285715,0.6900000000000001,0.2857142857142857,0.2857142857142857,no,no
S2761,0.7391666666666666,0.755,0.4166666666666667,0.25,no,no
S2762,0.72,0.7128571428571429,0.0,0.0,yes,no
S2763,0.778,0.697,0.4,0.2,no,no
S2764,0.8250000000000001,0.7216666666666667,0.3333333333333333,0.0,no,no
S2765,0.7050000000000001,0.7725,0.0,0.25,yes,no
S2766,0.6975,0.8,0.25,0.0,no,no
S2767,0.8075,0.7075,0.25,0.0,no,no
S2768,0.765,0.7333333333333334,0.3333333333333333,0.16666666666666666,no,no
S2769,0.7585714285714287,0.7371428571428572,0.2857142857142857,0.0,no,no
S2770,0.6825,0.785,0.125,0.0,yes,no
S2771,0.615,0.62,0.0,0.0,yes,no
S2772,0.82,0.6133333333333334,0.16666666666666666,0.3333333333333333,yes,yes
S2773,0.7283333333333334,0.7283333333333334,0.0,0.3333333333333333,yes,yes
S2774,0.70875,0.72,0.0,0.0,yes,no
S2775,0.8028571428571428,0.8185714285714285,0.14285714285714285,0.2857142857142857,yes,no
S2776,0.7424999999999999,0.5925,0.25,0.25,no,no
S2777,0.7424999999999999,0.7275,0.25,0.0,no,no
S2778,0.54,0.71,0.0,0.0,yes,no
S2779,0.68,0.6466666666666666,0.16666666666666666,0.3333333333333333,yes,yes
S2780,0.7225,0.6575,0.25,0.0,no,no
S2781,0.7775000000000001,0.8400000000000001,0.25,0.0,no,no
S2782,0.745,0.68875,0.0,0.125,yes,no
S2783,0.756,0.726,0.0,0.2,yes,no
S2784,0.8525,0.66,0.5,0.5,no,yes
S2785,0.73,0.7433333333333333,0.1111111111111111,0.1111111111111111,yes,no
S2786,0.7644444444444445,0.62,0.3333333333333333,0.0,no,no
S2787,0.6325000000000001,0.8225,0.25,0.0,no,no
S2788,0.7933333333333333,0.5599999999999999,0.3333333333333333,0.3333333333333333,no,yes
S2789,0.7033333333333333,0.7999999999999999,0.16666666666666666,0.0,yes,no
S2790,0.79,0.6325,0.25,0.25,no,no
S2791,0.741,0.683,0.1,0.3,yes,no
S2792,0.772,0.766,0.2,0.4,yes,yes
S2793,0.7100000000000001,0.77,0.09090909090909091,0.2727272727272727,yes,no
S2794,0.6675,0.77,0.0,0.0,yes,no
S2795,0.61,0.835,0.5,0.0,no,no
S2796,0.7014285714285714,0.5742857142857142,0.14285714285714285,0.42857142857142855,no,yes
S2797,0.8119999999999999,0.874,0.2,0.2,yes,no
S2798,0.8625,0.6925,0.25,0.25,no,no
S2799,0.52,0.84,0.5,0.0,no,no
S2800,0.7071428571428572,0.64,0.14285714285714285,0.2857142857142857,yes,no
S2801,0.7466666666666667,0.7999999999999999,0.16666666666666666,0.16666666666666666,yes,no
S2802,0.8075,0.6799999999999999,0.0,0.25,yes,no
S2803,0.7575,0.7575000000000001,0.5,0.0,no,no
S2804,0.74,0.534,0.8,0.0,no,no
S2805,0.7490909090909091,0.7127272727272728,0.2727272727272727,0.18181818181818182,no,no
S2806,0.6716666666666667,0.6433333333333334,0.3333333333333333,0.16666666666666666,no,no
S2807,0.77,0.55,0.0,0.0,no,no
S2808,0.69,0.74,0.5,0.25,no,no
S2809,0.7985714285714286,0.7271428571428571,0.0,0.14285714285714285,yes,no
S2810,0.708,0.722,0.4,0.0,no,no
S2811,0.84,0.8233333333333334,0.0,0.0,yes,no
S2812,0.4625,0.7375,0.25,0.0,no,no
S2813,0.8027272727272727,0.6872727272727274,0.18181818181818182,0.09090909090909091,yes,no
S2814,0.6225,0.7025,0.25,0.25,no,no
S2815,0.7957142857142857,0.7485714285714286,0.14285714285714285,0.14285714285714285,yes,no
S2816,0.65,0.92,0.0,0.0,yes,no
S2817,0.7188888888888889,0.67,0.4444444444444444,0.1111111111111111,no,no
S2818,0.68125,0.73,0.125,0.625,yes,yes
S2819,0.8466666666666667,0.8116666666666666,0.3333333333333333,0.0,no,no
S2820,0.728,0.648,0.2,0.4,yes,yes
S2821,0.7671428571428571,0.76,0.14285714285714285,0.42857142857142855,yes,yes
S2822,0.7625,0.855,0.0,0.25,yes,no
S2823,0.8088888888888889,0.6688888888888889,0.3333333333333333,0.1111111111111111,no,no
S2824,0.7483333333333334,0.69,0.3333333333333333,0.5,no,yes
S2825,0.7925,0.7012499999999999,0.25,0.0,no,no
S2826,0.7949999999999999,0.7983333333333333,0.16666666666666666,0.0,yes,no
S2827,0.8228571428571428,0.6785714285714286,0.14285714285714285,0.2857142857142857,yes,no
S2828,0.84,0.69,1.0,0.0,no,no
S2829,0.791,0.683,0.2,0.1,yes,no
S2830,0.76,0.71,0.0,0.0,yes,no
S2831,0.7575000000000001,0.6224999999999999,0.25,0.125,no,no
S2832,0.682,0.8019999999999999,0.2,0.0,yes,no
S2833,0.78,0.618,0.0,0.2,yes,no
S2834,0.7625,0.7675000000000001,0.125,0.0,yes,no
S2835,0.836,0.622,0.0,0.2,yes,no
S2836,0.7085714285714285,0.76,0.14285714285714285,0.14285714285714285,yes,no
S2837,0.764,0.738,0.0,0.0,yes,no
S2838,0.67375,0.7362500000000001,0.25,0.0,no,no
S2839,0.6616666666666666,0.6766666666666666,0.0,0.16666666666666666,yes,no
S2840,0.7866666666666666,0.6533333333333333,0.6666666666666666,0.3333333333333333,no,yes
S2841,0.6733333333333333,0.7233333333333333,0.0,0.0,yes,no
S2842,0.775,0.665,0.16666666666666666,0.0,yes,no
S2843,0.6985714285714285,0.7742857142857142,0.0,0.0,yes,no
S2844,0.748,0.71,0.0,0.0,yes,no
S2845,0.7125,0.7475,0.0,0.25,yes,no
S2846,0.7263636363636364,0.6990909090909091,0.2727272727272727,0.09090909090909091,no,no
S2847,0.79,0.73,0.0,0.2,yes,no
S2848,0.8528571428571429,0.6185714285714285,0.2857142857142857,0.14285714285714285,no,no
S2849,0.6957142857142857,0.7414285714285713,0.14285714285714285,0.2857142857142857,yes,no
S2850,0.7957142857142857,0.6571428571428571,0.14285714285714285,0.2857142857142857,yes,no
S2851,0.792,0.654,0.0,0.2,yes,no
S2852,0.7125,0.655,0.0,0.25,yes,no
S2853,0.86,0.7366666666666667,0.6666666666666666,0.0,no,no
S2854,0.8376923076923077,0.7476923076923078,0.23076923076923078,0.07692307692307693,yes,no
S2855,0.7383333333333333,0.7050000000000001,0.0,0.3333333333333333,yes,yes
S2856,0.56,0.9299999999999999,1.0,0.0,no,no
S2857,0.6900000000000001,0.74,0.2,0.0,yes,no
S2858,0.7255555555555556,0.7577777777777778,0.2222222222222222,0.2222222222222222,yes,no
S2859,0.8633333333333333,0.8300000000000001,0.0,0.0,yes,no
S2860,0.736,0.8240000000000001,0.4,0.0,no,no
S2861,0.7466666666666667,0.6633333333333334,0.16666666666666666,0.5,yes,yes
S2862,0.7475,0.675,0.5,0.0,no,no
S2863,0.83,0.7766666666666667,0.0,0.0,yes,no
S2864,0.7325,0.58625,0.125,0.0,no,no
S2865,0.7600000000000001,0.5633333333333334,0.0,0.0,no,no
S2866,0.73,0.62,0.3333333333333333,0.0,no,no
S2867,0.81625,0.74625,0.0,0.375,yes,yes
S2868,0.7633333333333333,0.7188888888888889,0.1111111111111111,0.0,yes,no
S2869,0.7842857142857144,0.7514285714285714,0.0,0.5714285714285714,yes,yes
S2870,0.7171428571428571,0.8042857142857143,0.2857142857142857,0.14285714285714285,no,no
S2871,0.6483333333333333,0.7033333333333333,0.3333333333333333,0.0,no,no
S2872,0.8875,0.755,0.25,0.0,no,no
S2873,0.8316666666666667,0.7266666666666667,0.5,0.0,no,no
S2874,0.8611111111111112,0.7222222222222222,0.2222222222222222,0.1111111111111111,yes,no
S2875,0.7916666666666666,0.8250000000000001,0.3333333333333333,0.0,no,no
S2876,0.7275,0.8125,0.25,0.0,no,no
S2877,0.745,0.5733333333333334,0.3333333333333333,0.16666666666666666,no,no
S2878,0.72,0.6060000000000001,0.2,0.6,yes,yes
S2879,0.6325000000000001,0.8200000000000001,0.5,0.0,no,no
S2880,0.6375,0.6025,0.5,0.0,no,no
S2881,0.74,0.845,0.5,0.0,no,no
S2882,0.7150000000000001,0.71,0.0,0.0,yes,no
S2883,0.8460000000000001,0.7,0.2,0.0,yes,no
S2884,0.79,0.736,0.2,0.2,yes,no
S2885,0.6875,0.605,0.0,0.0,yes,no
S2886,0.79,0.885,0.0,0.5,yes,yes
S2887,0.72,0.68,0.0,0.5,yes,yes
S2888,0.734,0.778,0.0,0.2,yes,no
S2889,0.8066666666666666,0.7433333333333333,0.0,0.3333333333333333,yes,yes
S2890,0.6466666666666666,0.605,0.5,0.16666666666666666,no,no
S2891,0.8140000000000001,0.6439999999999999,0.2,0.0,yes,no
S2892,0.7566666666666667,0.6333333333333333,0.16666666666666666,0.0,yes,no
S2893,0.8160000000000001,0.752,0.4,0.2,no,no
S2894,0.808,0.6759999999999999,0.2,0.0,yes,no
S2895,0.7785714285714286,0.7657142857142857,0.14285714285714285,0.14285714285714285,yes,no
S2896,0.743,0.8039999999999999,0.1,0.0,yes,no
S2897,0.7518181818181818,0.7090909090909091,0.09090909090909091,0.2727272727272727,yes,no
S2898,0.812,0.734,0.4,0.0,no,no
S2899,0.7424999999999999,0.71,0.0,0.5,yes,yes
S2900,0.777142857142857,0.8414285714285714,0.7142857142857143,0.14285714285714285,no,no
S2901,0.85,0.6333333333333333,0.0,0.0,yes,no
S2902,0.66,0.6375,0.0,0.5,yes,yes
S2903,0.76875,0.75125,0.0,0.0,yes,no
S2904,0.67,0.7975,0.0,0.25,yes,no
S2905,0.8300000000000001,0.7933333333333333,0.16666666666666666,0.3333333333333333,yes,yes
S2906,0.7633333333333333,0.73,0.0,0.3333333333333333,yes,yes
S2907,0.5700000000000001,0.735,0.0,0.5,yes,yes
S2908,0.712,0.6599999999999999,0.0,0.0,yes,no
S2909,0.812857142857143,0.7000000000000001,0.0,0.0,yes,no
S2910,0.7,0.8,0.2,0.0,yes,no
S2911,0.8640000000000001,0.752,0.2,0.0,yes,no
S2912,0.75125,0.8,0.0,0.125,yes,no
S2913,0.8140000000000001,0.752,0.4,0.2,no,no
S2914,0.8116666666666666,0.8066666666666666,0.3333333333333333,0.16666666666666666,no,no
S2915,0.7714285714285715,0.59,0.2857142857142857,0.14285714285714285,no,no
S2916,0.85625,0.6775,0.125,0.25,yes,no
S2917,0.735,0.8049999999999999,0.25,0.25,no,no
S2918,0.7225,0.5975,0.0,0.0,no,no
S2919,0.8425,0.7375,0.0,0.0,yes,no
S2920,0.64,0.8275,0.0,0.25,yes,no
S2921,0.642,0.628,0.2,0.2,yes,no
S2922,0.7457142857142857,0.8542857142857143,0.14285714285714285,0.14285714285714285,yes,no
S2923,0.735,0.7275,0.0,0.0,yes,no
S2924,0.740909090909091,0.7018181818181818,0.09090909090909091,0.2727272727272727,yes,no
S2925,0.8250000000000001,0.715,0.0,0.0,yes,no
S2926,0.64,0.762,0.2,0.2,yes,no
S2927,0.812,0.75,0.0,0.0,yes,no
S2928,0.79,0.8333333333333334,0.0,0.0,yes,no
S2929,0.7666666666666667,0.741111111111111,0.1111111111111111,0.2222222222222222,yes,no
S2930,0.7883333333333334,0.7200000000000001,0.0,0.16666666666666666,yes,no
S2931,0.735,0.68,0.6666666666666666,0.16666666666666666,no,no
S2932,0.725,0.5883333333333333,0.3333333333333333,0.3333333333333333,no,yes
S2933,0.75,0.7533333333333333,0.16666666666666666,0.5,yes,yes
S2934,0.8075,0.7825,0.5,0.0,no,no
S2935,0.808,0.796,0.2,0.0,yes,no
S2936,0.735,0.685,0.5,0.0,no,no
S2937,0.7133333333333334,0.7050000000000001,0.5,0.0,no,no
S2938,0.69875,0.69125,0.125,0.25,yes,no
S2939,0.91,0.5566666666666666,0.3333333333333333,0.0,no,no
S2940,0.7399999999999999,0.65,0.3333333333333333,0.0,no,no
S2941,0.7828571428571429,0.7957142857142857,0.2857142857142857,0.14285714285714285,no,no
S2942,0.7485714285714286,0.7057142857142856,0.2857142857142857,0.2857142857142857,no,no
S2943,0.7783333333333333,0.6633333333333333,0.16666666666666666,0.5,yes,yes
S2944,0.662,0.748,0.0,0.0,yes,no
S2945,0.7728571428571429,0.7785714285714286,0.0,0.14285714285714285,yes,no
S2946,0.72,0.445,0.0,0.0,no,no
S2947,0.6488888888888888,0.7666666666666666,0.2222222222222222,0.2222222222222222,yes,no
S2948,0.7877777777777778,0.7766666666666667,0.0,0.1111111111111111,yes,no
S2949,0.7511111111111111,0.6766666666666666,0.0,0.2222222222222222,yes,no
S2950,0.7,0.88,0.25,0.0,no,no
S2951,0.626,0.686,0.6,0.2,no,no
S2952,0.9,0.82,0.0,1.0,yes,yes
S2953,0.813,0.6609999999999999,0.2,0.1,yes,no
S2954,0.7533333333333333,0.7483333333333334,0.16666666666666666,0.3333333333333333,yes,yes
S2955,0.7633333333333333,0.7066666666666667,0.16666666666666666,0.3333333333333333,yes,yes
S2956,0.7375,0.7025,0.75,0.0,no,no
S2957,0.8779999999999999,0.762,0.2,0.0,yes,no
S2958,0.7033333333333334,0.6577777777777778,0.2222222222222222,0.4444444444444444,yes,yes
S2959,0.7457142857142857,0.7071428571428572,0.2857142857142857,0.2857142857142857,no,no
S2960,0.8725,0.8225,0.25,0.5,no,yes
S2961,0.7042857142857143,0.7999999999999999,0.14285714285714285,0.14285714285714285,yes,no
S2962,0.7522222222222221,0.71,0.1111111111111111,0.4444444444444444,yes,yes
S2963,0.6233333333333334,0.7133333333333333,0.0,0.0,yes,no
S2964,0.8049999999999999,0.795,0.5,0.0,no,no
S2965,0.6925,0.6699999999999999,0.25,0.0,no,no
S2966,0.7749999999999999,0.6416666666666667,0.16666666666666666,0.3333333333333333,yes,yes
S2967,0.7171428571428571,0.8014285714285714,0.14285714285714285,0.14285714285714285,yes,no
S2968,0.8188888888888889,0.6788888888888889,0.1111111111111111,0.2222222222222222,yes,no
S2969,0.9166666666666666,0.7966666666666665,0.3333333333333333,0.0,no,no
S2970,0.86,0.67,0.0,0.0,yes,no
S2971,0.605,0.6299999999999999,0.5,0.0,no,no
S2972,0.7025,0.505,0.5,0.0,no,no
S2973,0.74,0.6925,0.25,0.0,no,no
S2974,0.835,0.7483333333333334,0.16666666666666666,0.3333333333333333,yes,yes
S2975,0.8075,0.895,0.0,0.25,yes,no
S2976,0.744,0.732,0.4,0.0,no,no
S2977,0.7714285714285715,0.7757142857142857,0.14285714285714285,0.0,yes,no
S2978,0.72125,0.70375,0.125,0.25,yes,no
S2979,0.7975,0.655,0.0,0.25,yes,no
S2980,0.4,0.64,0.0,0.0,yes,no
S2981,0.79,0.7025,0.0,0.25,yes,no
S2982,0.7177777777777777,0.8022222222222222,0.2222222222222222,0.2222222222222222,yes,no
S2983,0.6575,0.6737500000000001,0.125,0.0,yes,no
S2984,0.8357142857142856,0.6914285714285714,0.0,0.0,yes,no
S2985,0.7383333333333333,0.7200000000000001,0.0,0.0,yes,no
S2986,0.662,0.649,0.2,0.1,yes,no
S2987,0.7157142857142856,0.6371428571428571,0.5714285714285714,0.14285714285714285,no,no
S2988,0.84,0.7133333333333334,0.0,0.6666666666666666,yes,yes
S2989,0.73,0.6775,0.5,0.25,no,no
S2990,0.701,0.694,0.3,0.2,no,no
S2991,0.7471428571428572,0.7471428571428571,0.0,0.0,yes,no
S2992,0.7328571428571429,0.7385714285714285,0.2857142857142857,0.2857142857142857,no,no
S2993,0.7171428571428571,0.7242857142857143,0.2857142857142857,0.0,no,no
S2994,0.86,0.7000000000000001,0.25,0.25,no,no
S2995,0.6633333333333333,0.73,0.3333333333333333,0.0,no,no
S2996,0.8099999999999999,0.8214285714285714,0.14285714285714285,0.0,yes,no
S2997,0.815,0.7200000000000001,0.3333333333333333,0.0,no,no
S2998,0.61375,0.69375,0.375,0.125,no,no
S2999,0.76625,0.69125,0.0,0.125,yes,no
S3000,0.7866666666666666,0.5783333333333334,0.6666666666666666,0.0,no,no
S3001,0.6675,0.885,0.25,0.25,no,no
S3002,0.8325,0.725,0.25,0.25,no,no
S3003,0.7214285714285714,0.7085714285714285,0.0,0.0,yes,no
S3004,0.7485714285714286,0.6971428571428572,0.2857142857142857,0.14285714285714285,no,no
S3005,0.745,0.5916666666666667,0.16666666666666666,0.0,no,no
S3006,0.7633333333333333,0.6466666666666666,0.0,0.3333333333333333,yes,yes
S3007,0.8200000000000001,0.735,0.0,0.25,yes,no
S3008,0.716,0.752,0.2,0.2,yes,no
S3009,0.64,0.53,0.0,0.5,no,yes
S3010,0.8175,0.7324999999999999,0.0,0.0,yes,no
S3011,0.7140000000000001,0.584,0.4,0.0,no,no
S3012,0.67,0.745,0.0,0.25,yes,no
S3013,0.8171428571428571,0.6271428571428571,0.14285714285714285,0.0,yes,no
S3014,0.85,0.88,0.0,0.0,yes,no
S3015,0.855,0.7275,0.25,0.0,no,no
S3016,0.7075,0.6075,0.25,0.0,no,no
S3017,0.6799999999999999,0.7171428571428571,0.7142857142857143,0.0,no,no
S3018,0.7114285714285715,0.6685714285714285,0.2857142857142857,0.2857142857142857,no,no
S3019,0.595,0.8200000000000001,0.25,0.0,no,no
S3020,0.7600000000000001,0.53,0.3333333333333333,0.0,no,no
S3021,0.815,0.6775,0.0,0.0,yes,no
S3022,0.8633333333333333,0.79,0.6666666666666666,0.0,no,no
S3023,0.686,0.784,0.4,0.2,no,no
S3024,0.702,0.8140000000000001,0.0,0.4,yes,yes
S3025,0.725,0.7983333333333333,0.3333333333333333,0.16666666666666666,no,no
S3026,0.71375,0.73,0.25,0.0,no,no
S3027,0.8200000000000001,0.815,0.5,0.0,no,no
S3028,0.708,0.564,0.2,0.0,no,no
S3029,0.8175,0.65625,0.125,0.25,yes,no
S3030,0.55,0.84,0.0,1.0,yes,yes
S3031,0.8225,0.4875,0.0,0.0,no,no
S3032,0.6866666666666666,0.775,0.0,0.0,yes,no
S3033,0.76125,0.72125,0.125,0.375,yes,yes
S3035,0.8540000000000001,0.5640000000000001,0.0,0.4,no,yes
S3036,0.6775,0.76625,0.0,0.125,yes,no
S3037,0.8233333333333334,0.57,0.2222222222222222,0.1111111111111111,no,no
S3038,0.7675000000000001,0.65875,0.125,0.0,yes,no
S3039,0.7866666666666666,0.71,0.0,0.3333333333333333,yes,yes
S3040,0.7142857142857143,0.7257142857142858,0.14285714285714285,0.2857142857142857,yes,no
S3041,0.6933333333333334,0.6466666666666666,0.0,0.5,yes,yes
S3042,0.7933333333333333,0.7133333333333334,0.3333333333333333,0.0,no,no
S3043,0.7085714285714285,0.6857142857142857,0.2857142857142857,0.14285714285714285,no,no
S3044,0.7533333333333333,0.7400000000000001,0.16666666666666666,0.3333333333333333,yes,yes
S3045,0.7966666666666667,0.6633333333333333,0.0,0.0,yes,no
S3046,0.78,0.80375,0.125,0.125,yes,no
S3047,0.8533333333333334,0.7666666666666666,0.0,0.0,yes,no
S3048,0.7125,0.64,0.0,0.25,yes,no
S3049,0.75375,0.7025,0.125,0.125,yes,no
S3050,0.76625,0.6849999999999999,0.125,0.375,yes,yes
S3051,0.7685714285714286,0.7214285714285714,0.0,0.14285714285714285,yes,no
S3052,0.915,0.6200000000000001,0.5,0.0,no,no
S3053,0.74,0.7,0.2222222222222222,0.3333333333333333,yes,yes
S3054,0.7666666666666666,0.7116666666666668,0.16666666666666666,0.16666666666666666,yes,no
S3055,0.7033333333333333,0.7183333333333333,0.16666666666666666,0.0,yes,no
S3056,0.6599999999999999,0.785,0.0,0.0,yes,no
S3057,0.6757142857142858,0.6757142857142858,0.14285714285714285,0.0,yes,no
S3058,0.7050000000000001,0.8300000000000001,0.0,0.0,yes,no
S3059,0.8019999999999999,0.754,0.1,0.0,yes,no
S3060,0.7200000000000001,0.7000000000000001,0.3333333333333333,0.0,no,no
S3061,0.7375,0.67125,0.25,0.125,no,no
S3062,0.7428571428571429,0.7385714285714285,0.2857142857142857,0.0,no,no
S3063,0.718,0.666,0.4,0.0,no,no
S3064,0.78,0.765,0.0,0.5,yes,yes
S3065,0.764,0.784,0.2,0.4,yes,yes
S3066,0.7544444444444445,0.7377777777777778,0.2222222222222222,0.2222222222222222,yes,no
S3067,0.7799999999999999,0.7066666666666667,0.3333333333333333,0.3333333333333333,no,yes
S3068,0.7883333333333334,0.6516666666666667,0.3333333333333333,0.0,no,no
S3069,0.6174999999999999,0.6425000000000001,0.25,0.0,no,no
S3070,0.75875,0.66625,0.125,0.25,yes,no
S3071,0.6971428571428572,0.6042857142857143,0.42857142857142855,0.0,no,no
S3072,0.7616666666666667,0.6816666666666666,0.3333333333333333,0.16666666666666666,no,no
S3073,0.6625,0.7675,0.25,0.0,no,no
S3074,0.7675,0.62,0.0,0.25,yes,no
S3075,0.79875,0.71375,0.125,0.0,yes,no
S3076,0.776,0.708,0.0,0.4,yes,yes
S3077,0.78,0.5800000000000001,0.0,0.5,no,yes
S3078,0.7357142857142858,0.7928571428571428,0.0,0.2857142857142857,yes,no
S3079,0.7600000000000001,0.7266666666666666,0.6666666666666666,0.0,no,no
S3080,0.77125,0.65,0.5,0.0,no,no
S3081,0.75,0.7783333333333333,0.0,0.16666666666666666,yes,no
S3082,0.778,0.6060000000000001,0.0,0.4,yes,yes
S3083,0.759,0.732,0.3,0.1,no,no
S3084,0.6466666666666666,0.5366666666666667,0.3333333333333333,0.0,no,no
S3085,0.8099999999999999,0.7466666666666667,0.0,0.16666666666666666,yes,no
S3086,0.5975,0.8099999999999999,0.25,0.25,no,no
S3087,0.44,0.84,0.0,0.0,yes,no
S3088,0.78125,0.78625,0.25,0.125,no,no
S3089,0.8366666666666667,0.741111111111111,0.1111111111111111,0.2222222222222222,yes,no
S3090,0.7157142857142856,0.7614285714285715,0.14285714285714285,0.2857142857142857,yes,no
S3091,0.7316666666666668,0.7466666666666666,0.3333333333333333,0.0,no,no
S3092,0.7999999999999999,0.6483333333333333,0.16666666666666666,0.3333333333333333,yes,yes
S3093,0.774,0.674,0.0,0.0,yes,no
S3094,0.65,0.6828571428571429,0.14285714285714285,0.2857142857142857,yes,no
S3095,0.7733333333333333,0.77,0.0,0.3333333333333333,yes,yes
S3096,0.6933333333333334,0.6077777777777778,0.1111111111111111,0.1111111111111111,yes,no
S3097,0.6679999999999999,0.764,0.2,0.4,yes,yes
S3098,0.845,0.7849999999999999,0.0,0.0,yes,no
S3099,0.8049999999999999,0.6275,0.25,0.0,no,no
S3100,0.764,0.656,0.1,0.2,yes,no
S3101,0.7544444444444445,0.6977777777777778,0.0,0.2222222222222222,yes,no
S3102,0.8466666666666667,0.5966666666666667,0.0,0.0,no,no
S3103,0.685,0.615,0.25,0.0,no,no
S3104,0.7341666666666667,0.7233333333333333,0.08333333333333333,0.16666666666666666,yes,no
S3105,0.7283333333333334,0.655,0.16666666666666666,0.0,yes,no
S3106,0.658,0.6679999999999999,0.2,0.0,yes,no
S3107,0.5625,0.4425,0.5,0.0,no,no
S3108,0.6366666666666667,0.7666666666666666,0.0,0.3333333333333333,yes,yes
S3109,0.8,0.63,0.25,0.25,no,no
S3110,0.64,0.6714285714285715,0.2857142857142857,0.0,no,no
S3111,0.8300000000000001,0.5,0.5,0.0,no,no
S3112,0.7255555555555556,0.7166666666666667,0.3333333333333333,0.3333333333333333,no,yes
S3113,0.638,0.722,0.2,0.2,yes,no
S3114,0.73,0.6300000000000001,0.4,0.0,no,no
S3115,0.7600000000000001,0.7566666666666667,0.0,0.3333333333333333,yes,yes
S3116,0.71,0.766,0.2,0.2,yes,no
S3117,0.7000000000000001,0.7466666666666667,0.0,0.6666666666666666,yes,yes
S3118,0.84,0.5633333333333334,0.6666666666666666,0.0,no,no
S3119,0.7266666666666667,0.7166666666666667,0.0,0.6666666666666666,yes,yes
S3120,0.7266666666666667,0.6566666666666667,0.3333333333333333,0.0,no,no
S3121,0.75,0.7933333333333333,0.3333333333333333,0.3333333333333333,no,yes
S3122,0.73,0.5549999999999999,0.5,0.0,no,no
S3123,0.72,0.7075,0.75,0.0,no,no
S3124,0.54,0.475,0.5,0.0,no,no
S3125,0.715,0.735,0.25,0.0,no,no
S3126,0.7638461538461538,0.7146153846153845,0.0,0.38461538461538464,yes,yes
S3127,0.8025,0.6375,0.0,0.5,yes,yes
S3128,0.865,0.6975,0.0,0.25,yes,no
S3129,0.7322222222222222,0.6344444444444445,0.2222222222222222,0.1111111111111111,yes,no
S3130,0.8099999999999999,0.6842857142857143,0.42857142857142855,0.14285714285714285,no,no
S3131,0.75,0.75,0.2,0.0,yes,no
S3132,0.7525,0.74,0.5,0.25,no,no
S3133,0.7333333333333334,0.7166666666666667,0.3333333333333333,0.0,no,no
S3134,0.7257142857142858,0.66,0.2857142857142857,0.2857142857142857,no,no
S3135,0.8055555555555556,0.6844444444444444,0.2222222222222222,0.2222222222222222,yes,no
S3136,0.64,0.845,0.0,0.25,yes,no
S3137,0.7966666666666667,0.7333333333333334,0.0,0.6666666666666666,yes,yes
S3138,0.7955555555555556,0.7955555555555556,0.1111111111111111,0.3333333333333333,yes,yes
S3139,0.818,0.8,0.2,0.2,yes,no
S3140,0.82,0.755,0.3333333333333333,0.16666666666666666,no,no
S3141,0.7633333333333333,0.6316666666666667,0.0,0.0,yes,no
S3142,0.72875,0.805,0.25,0.125,no,no
S3143,0.7244444444444444,0.6733333333333333,0.1111111111111111,0.2222222222222222,yes,no
S3144,0.74,0.73625,0.125,0.375,yes,yes
S3145,0.775,0.7633333333333333,0.5,0.16666666666666666,no,no
S3146,0.744,0.842,0.2,0.2,yes,no
S3147,0.7999999999999999,0.7566666666666667,0.3333333333333333,0.0,no,no
S3148,0.6933333333333334,0.7066666666666667,0.0,0.0,yes,no
S3149,0.9199999999999999,0.51,0.5,0.0,no,no
S3150,0.7683333333333334,0.7733333333333333,0.0,0.5,yes,yes
S3151,0.7233333333333333,0.73,0.16666666666666666,0.16666666666666666,yes,no
S3152,0.756,0.5980000000000001,0.0,0.0,no,no
S3153,0.6742857142857143,0.6571428571428571,0.2857142857142857,0.2857142857142857,no,no
S3154,0.7725,0.6975,0.25,0.0,no,no
S3155,0.736,0.608,0.0,0.0,yes,no
S3156,0.7633333333333333,0.6166666666666667,0.0,0.3333333333333333,yes,yes
S3157,0.739,0.6950000000000001,0.2,0.0,yes,no
S3158,0.6975,0.8125,0.25,0.0,no,no
S3159,0.49,0.47,0.0,0.0,no,no
S3160,0.6799999999999999,0.756,0.2,0.0,yes,no
S3161,0.7542857142857143,0.6185714285714285,0.2857142857142857,0.14285714285714285,no,no
S3162,0.91,0.51,0.0,0.0,no,no
S3163,0.79,0.8,0.0,0.0,yes,no
S3164,0.7483333333333334,0.8300000000000001,0.16666666666666666,0.16666666666666666,yes,no
S3165,0.81125,0.62875,0.5,0.0,no,no
S3166,0.7525,0.685,0.0,0.25,yes,no
S3167,0.7033333333333333,0.5333333333333333,0.3333333333333333,0.3333333333333333,no,yes
S3168,0.738,0.714,0.0,0.3,yes,no
S3169,0.6900000000000001,0.7453846153846153,0.15384615384615385,0.15384615384615385,yes,no
S3170,0.7533333333333333,0.5666666666666667,0.3333333333333333,0.0,no,no
S3171,0.808,0.8160000000000001,0.0,0.0,yes,no
S3172,0.7488888888888889,0.6366666666666667,0.1111111111111111,0.2222222222222222,yes,no
S3173,0.8216666666666667,0.73,0.16666666666666666,0.0,yes,no
S3174,0.7466666666666667,0.7566666666666667,0.0,0.3333333333333333,yes,yes
S3175,0.81375,0.8175,0.25,0.25,no,no
S3176,0.748,0.722,0.2,0.4,yes,yes
S3177,0.7783333333333333,0.8033333333333333,0.16666666666666666,0.16666666666666666,yes,no
S3178,0.71,0.7071428571428572,0.2857142857142857,0.2857142857142857,no,no
S3179,0.7736363636363636,0.6472727272727273,0.09090909090909091,0.18181818181818182,yes,no
S3180,0.79,0.675,0.0,0.25,yes,no
S3181,0.72,0.63,0.5,0.0,no,no
S3182,0.8175,0.715,0.0,0.25,yes,no
S3183,0.786,0.678,0.0,0.4,yes,yes
S3184,0.73,0.608,0.3,0.1,no,no
S3185,0.74,0.842,0.4,0.2,no,no
S3186,0.8125,0.8,0.0,0.5,yes,yes
S3187,0.77,0.6966666666666667,0.16666666666666666,0.3333333333333333,yes,yes
S3188,0.7766666666666667,0.7766666666666667,0.0,0.0,yes,no
S3189,0.71,0.68625,0.125,0.125,yes,no
S3190,0.7457142857142857,0.6542857142857142,0.0,0.0,yes,no
S3191,0.7875,0.765,0.125,0.125,yes,no
S3192,0.8042857142857143,0.5685714285714286,0.14285714285714285,0.0,no,no
S3193,0.785,0.73,0.25,0.0,no,no
S3194,0.73,0.72,0.5,0.0,no,no
S3195,0.7511111111111111,0.7633333333333333,0.1111111111111111,0.3333333333333333,yes,yes
S3196,0.6900000000000001,0.7928571428571428,0.2857142857142857,0.5714285714285714,no,yes
S3197,0.8366666666666666,0.6966666666666667,0.16666666666666666,0.3333333333333333,yes,yes
S3198,0.6716666666666667,0.7383333333333333,0.5,0.16666666666666666,no,no
S3199,0.7689999999999999,0.752,0.2,0.0,yes,no
