session_id,avg_asr_confidence,avg_intent_confidence,misunderstanding_rate,silence_rate,is_recovered,is_escalated,had_errors
S2000,0.71,0.85,0.33,0.17,0,0,0
S2001,0.8,0.67,0,0,1,0,0
S2002,0.77,0.85,0.4,0,0,0,0
S2003,0.74,0.7,0.25,0,0,0,0
S2004,0.9,0.69,0.33,0,0,0,0
S2005,0.86,0.56,0,0.33,0,1,0
S2006,0.64,0.69,0.2,0.2,1,0,0
S2007,0.7,0.78,0,0,1,0,0
S2008,0.78,0.73,0,0.14,1,0,0
S2009,0.8,0.63,0.2,0,1,0,0
S2010,0.71,0.8,0,0.25,1,0,0
S2011,0.65,0.8,0.4,0.2,0,0,0
S2012,0.75,0.7,0.5,0,0,0,0
S2013,0.79,0.75,0.4,0,0,0,0
S2014,0.73,0.77,0,0.33,1,1,0
S2015,0.81,0.61,0.23,0.077,1,0,0
S2016,0.71,0.77,0.13,0.25,1,0,0
S2017,0.81,0.85,0,0.67,1,1,0
S2018,0.77,0.66,0.2,0.2,1,0,0
S2019,0.65,0.77,0.33,0,0,0,0
S2020,0.74,0.79,0.11,0.22,1,0,0
S2021,0.84,0.46,0,0.5,0,1,0
S2022,0.78,0.68,0.17,0,1,0,0
S2023,0.78,0.78,0,0.5,1,1,0
S2024,0.72,0.62,0,0.14,1,0,0
S2025,0.85,0.7,0.67,0,0,0,0
S2026,0.69,0.75,0.17,0.17,1,0,0
S2027,0.72,0.69,0.5,0.25,0,0,0
S2028,0.76,0.72,0.5,0,0,0,0
S2029,0.76,0.76,0,0,1,0,0
S2030,0.69,0.73,0.38,0,0,0,0
S2031,0.68,0.63,0.25,0.13,0,0,0
S2032,0.86,0.6,0.2,0.2,0,0,0
S2033,0.75,0.74,0.25,0.13,0,0,0
S2034,0.88,0.69,0,0,1,0,0
S2035,0.65,0.64,0,0.5,1,1,0
S2036,0.69,0.66,0.25,0.25,0,0,0
S2037,0.78,0.67,0,0.4,1,1,0
S2038,0.71,0.76,0.29,0.14,0,0,0
S2039,0.73,0.75,0,0,1,0,0
S2040,0.82,0.88,0.33,0.17,0,0,0
S2041,0.8,0.67,0,0.29,1,0,0
S2042,0.59,0.84,0.33,0.33,0,1,0
S2043,0.81,0.71,0.17,0.17,1,0,0
S2044,0.68,0.65,0,0.33,1,1,0
S2045,0.7,0.64,0.4,0.1,0,0,0
S2046,0.81,0.69,0.17,0,1,0,0
S2047,0.72,0.69,0.5,0,0,0,0
S2048,0.7,0.77,0.2,0.2,1,0,0
S2049,0.68,0.72,0,0.11,1,0,0
S2050,0.77,0.64,0.29,0.14,0,0,0
S2051,0.81,0.75,0,0,1,0,0
S2052,0.64,0.66,0.33,0,0,0,0
S2053,0.74,0.38,0,0,0,0,0
S2054,0.64,0.65,0.5,0.25,0,0,0
S2055,0.84,0.84,0.25,0,0,0,0
S2056,0.65,0.72,0,0,1,0,0
S2057,0.78,0.81,0.6,0,0,0,0
S2058,0.8,0.75,0.29,0.14,0,0,0
S2059,0.46,0.64,0,1,1,1,1
S2060,0.81,0.83,0.5,0,0,0,0
S2061,0.72,0.78,0.14,0,1,0,0
S2062,0.85,0.58,0.17,0.17,0,0,0
S2063,0.76,0.76,0,0.2,1,0,0
S2064,0.68,0.73,0.29,0.29,0,0,0
S2065,0.75,0.72,0.17,0,1,0,0
S2066,0.69,0.68,0.29,0.14,0,0,0
S2067,0.7,0.66,0.4,0.2,0,0,0
S2068,0.73,0.74,0,0.14,1,0,0
S2069,0.8,0.68,0,0,1,0,0
S2070,0.79,0.68,0,0.17,1,0,0
S2071,0.71,0.61,0.17,0,1,0,0
S2072,0.79,0.79,0.25,0,0,0,0
S2073,0.76,0.76,0.14,0.29,1,0,0
S2074,0.77,0.8,0,0,1,0,0
S2075,0.82,0.59,0.33,0,0,0,0
S2076,0.87,0.64,0.33,0,0,0,0
S2077,0.74,0.75,0.13,0.13,1,0,0
S2078,0.86,0.64,0.17,0.17,1,0,0
S2079,0.77,0.63,0,0,1,0,0
S2080,0.73,0.75,0.25,0,0,0,0
S2081,0.82,0.66,0.17,0,1,0,0
S2082,0.75,0.54,0,0,0,0,0
S2083,0.82,0.67,0.29,0,0,0,0
S2084,0.79,0.68,0.13,0.13,1,0,0
S2085,0.76,0.72,0.29,0,0,0,0
S2086,0.77,0.7,0.29,0.43,0,1,0
S2087,0.73,0.73,0.14,0.14,1,0,0
S2088,0.8,0.63,0.33,0.33,0,1,0
S2089,0.82,0.68,0.2,0,1,0,0
S2090,0.77,0.66,0,0.2,1,0,0
S2091,0.88,0.87,0,0.25,1,0,0
S2092,0.65,0.54,0.33,0.33,0,1,0
S2094,0.81,0.69,0,0,1,0,0
S2095,0.8,0.81,0.2,0.2,1,0,0
S2096,0.73,0.69,0.5,0.13,0,0,0
S2097,0.74,0.78,0.25,0.25,0,0,0
S2098,0.87,0.75,0.14,0.14,1,0,0
S2099,0.73,0.7,0.6,0,0,0,0
S2100,0.98,0.66,0.5,0,0,0,0
S2101,0.74,0.58,0,0,0,0,0
S2102,0.78,0.57,0,0.33,0,1,0
S2103,0.8,0.72,0.33,0,0,0,0
S2104,0.73,0.76,0.2,0,1,0,0
S2105,0.81,0.84,0.17,0.33,1,1,0
S2106,0.67,0.8,0.33,0,0,0,0
S2107,0.87,0.45,0,0.33,0,1,0
S2108,0.55,0.71,0,0.25,1,0,0
S2109,0.8,0.83,0.17,0.17,1,0,0
S2110,0.79,0.59,0.2,0.6,0,1,0
S2111,0.77,0.64,0.27,0.091,0,0,0
S2112,0.81,0.76,0,0.091,1,0,0
S2113,0.8,0.74,0.17,0.17,1,0,0
S2114,0.76,0.68,0.17,0,1,0,0
S2115,0.77,0.79,0.43,0,0,0,0
S2116,0.75,0.65,0,0.29,1,0,0
S2117,0.8,0.75,0.2,0.2,1,0,0
S2118,0.64,0.61,0,0,1,0,0
S2119,0.64,0.78,0.4,0.2,0,0,0
S2120,0.67,0.74,0,0.25,1,0,0
S2121,0.69,0.64,0.5,0,0,0,0
S2122,0.75,0.67,0.29,0,0,0,0
S2123,0.82,0.66,0,0.33,1,1,0
S2124,0.65,0.83,0,0.33,1,1,0
S2125,0.78,0.73,0.4,0.2,0,0,0
S2126,0.85,0.47,0,0,0,0,0
S2127,0.83,0.77,0.33,0,0,0,0
S2128,0.67,0.57,0.17,0.17,0,0,0
S2129,0.75,0.74,0,0.33,1,1,0
S2130,0.74,0.86,0.17,0.17,1,0,0
S2131,0.67,0.68,0.4,0,0,0,0
S2132,0.76,0.73,0.1,0.2,1,0,0
S2133,0.73,0.73,0.5,0.25,0,0,0
S2134,0.76,0.73,0,0.25,1,0,0
S2135,0.81,0.72,0.1,0.1,1,0,0
S2136,0.79,0.65,0.67,0,0,0,0
S2137,0.8,0.67,0.5,0.5,0,1,0
S2138,0.88,0.72,0,0.2,1,0,0
S2139,0.84,0.75,0.25,0,0,0,0
S2140,0.63,0.7,0.33,0,0,0,0
S2141,0.59,0.7,0.33,0.67,0,1,0
S2142,0.85,0.74,0.29,0.29,0,0,0
S2143,0.78,0.72,0,0.25,1,0,0
S2144,0.69,0.64,1,0,0,0,1
S2145,0.82,0.72,0,0.67,1,1,0
S2146,0.87,0.68,0.5,0,0,0,0
S2147,0.65,0.77,0.25,0.5,0,1,0
S2148,0.79,0.76,0.22,0.22,1,0,0
S2149,0.79,0.72,0.2,0,1,0,0
S2150,0.8,0.81,0,0,1,0,0
S2151,0.87,0.73,0,0.33,1,1,0
S2152,0.75,0.79,0.33,0,0,0,0
S2153,0.83,0.75,0.25,0,0,0,0
S2154,0.74,0.76,0.25,0,0,0,0
S2155,0.79,0.8,0.43,0.29,0,0,0
S2156,0.6,0.78,0,0,1,0,0
S2157,0.67,0.63,0,0,1,0,0
S2158,0.71,0.69,0,0.2,1,0,0
S2159,0.68,0.78,0.14,0.14,1,0,0
S2160,0.8,0.74,0.29,0.14,0,0,0
S2161,0.71,0.8,0.44,0,0,0,0
S2162,0.79,0.71,0,0,1,0,0
S2163,0.86,0.77,1,0,0,0,1
S2164,0.8,0.74,0.25,0.25,0,0,0
S2165,0.77,0.83,0.6,0.2,0,0,0
S2166,0.84,0.69,0,0,1,0,0
S2167,0.73,0.62,0.29,0,0,0,0
S2168,0.69,0.58,0,0.17,0,0,0
S2169,0.72,0.69,0.33,0,0,0,0
S2170,0.79,0.64,0.75,0,0,0,0
S2171,0.81,0.68,0.14,0.29,1,0,0
S2172,0.71,0.75,0.2,0.2,1,0,0
S2173,0.64,0.75,0,0,1,0,0
S2174,0.7,0.63,0.17,0.33,1,1,0
S2175,0.71,0.84,0.25,0.25,0,0,0
S2176,0.73,0.73,0.29,0,0,0,0
S2177,0.73,0.81,0,0.14,1,0,0
S2178,0.74,0.73,0.14,0.43,1,1,0
S2179,0.76,0.61,0.43,0,0,0,0
S2180,0.78,0.78,0.17,0.17,1,0,0
S2181,0.8,0.74,0.33,0,0,0,0
S2182,0.85,0.76,0,0,1,0,0
S2183,0.79,0.51,0,0,0,0,0
S2184,0.7,0.68,0,0,1,0,0
S2185,0.76,0.77,0.22,0,1,0,0
S2186,0.59,0.53,0,0,0,0,0
S2187,0.54,0.68,0,0,1,0,0
S2188,0.72,0.88,0,0,1,0,0
S2189,0.84,0.76,0,0,1,0,0
S2190,0.79,0.82,0.4,0,0,0,0
S2191,0.74,0.66,0.14,0.14,1,0,0
S2192,0.77,0.47,0,0.2,0,0,0
S2193,0.81,0.66,0.17,0.33,1,1,0
S2194,0.83,0.76,0.5,0.5,0,1,0
S2195,0.68,0.78,0.13,0.25,1,0,0
S2196,0.74,0.75,0.33,0,0,0,0
S2197,0.84,0.72,0.2,0.2,1,0,0
S2198,0.76,0.77,0,0.2,1,0,0
S2199,0.48,0.66,0,1,1,1,1
S2200,0.73,0.72,0,0,1,0,0
S2201,0.73,0.73,0.22,0.11,1,0,0
S2202,0.81,0.79,0.5,0.5,0,1,0
S2203,0.75,0.79,0,0.4,1,1,0
S2204,0.74,0.72,0.14,0.29,1,0,0
S2205,0.83,0.82,0.33,0,0,0,0
S2206,0.74,0.68,0.14,0,1,0,0
S2207,0.78,0.58,0,0,0,0,0
S2208,0.73,0.75,0,0.43,1,1,0
S2209,0.84,0.59,0,0,0,0,0
S2210,0.84,0.78,0.5,0,0,0,0
S2211,0.74,0.64,0.67,0,0,0,0
S2212,0.73,0.66,0.29,0,0,0,0
S2213,0.71,0.6,0.33,0.33,0,1,0
S2214,0.79,0.66,0.13,0.25,1,0,0
S2215,0.69,0.68,0.13,0.25,1,0,0
S2216,0.78,0.72,0.1,0.1,1,0,0
S2217,0.72,0.81,0.33,0.33,0,1,0
S2218,0.72,0.84,0,0.25,1,0,0
S2219,0.8,0.75,0,0.2,1,0,0
S2220,0.63,0.8,0.29,0,0,0,0
S2221,0.78,0.81,0.17,0,1,0,0
S2222,0.59,0.83,0.2,0,1,0,0
S2223,0.67,0.85,0,0.25,1,0,0
S2224,0.8,0.89,0,0,1,0,0
S2225,0.72,0.67,0.17,0,1,0,0
S2226,0.81,0.57,0.4,0,0,0,0
S2227,0.78,0.42,0,0.5,0,1,0
S2228,0.81,0.71,0,0,1,0,0
S2229,0.77,0.69,0,0.25,1,0,0
S2230,0.73,0.78,0.33,0,0,0,0
S2231,0.81,0.63,0.2,0.2,1,0,0
S2232,0.71,0.76,0.33,0.17,0,0,0
S2233,0.7,0.7,0,0.25,1,0,0
S2234,0.6,0.71,0.33,0.33,0,1,0
S2235,0.78,0.79,0.4,0,0,0,0
S2236,0.87,0.73,0.33,0,0,0,0
S2237,0.73,0.63,0.2,0.4,1,1,0
S2238,0.78,0.71,0.14,0.29,1,0,0
S2239,0.73,0.79,0.33,0,0,0,0
S2240,0.77,0.7,0.25,0,0,0,0
S2241,0.79,0.72,0.33,0.17,0,0,0
S2242,0.73,0.69,0,0,1,0,0
S2243,0.71,0.75,0.38,0,0,0,0
S2244,0.71,0.64,0.083,0.17,1,0,0
S2245,0.74,0.77,0,0.13,1,0,0
S2246,0.76,0.74,0.2,0,1,0,0
S2247,0.76,0.81,0,0,1,0,0
S2248,0.72,0.76,0.13,0.38,1,1,0
S2249,0.78,0.65,0.14,0.14,1,0,0
S2250,0.76,0.7,0.33,0,0,0,0
S2251,0.73,0.74,0.5,0,0,0,0
S2252,0.66,0.8,0.33,0,0,0,0
S2253,0.65,0.73,0.14,0.43,1,1,0
S2254,0.77,0.55,0,0,0,0,0
S2255,0.63,0.65,0,0.33,1,1,0
S2256,0.69,0.71,0.14,0.57,1,1,0
S2257,0.73,0.68,0.2,0,1,0,0
S2258,0.66,0.75,0.4,0,0,0,0
S2259,0.88,0.69,0,0.29,1,0,0
S2260,0.83,0.67,0,0.25,1,0,0
S2261,0.69,0.72,0.5,0.25,0,0,0
S2262,0.81,0.72,0.14,0.29,1,0,0
S2263,0.75,0.86,0.14,0.29,1,0,0
S2264,0.76,0.73,0,0.14,1,0,0
S2265,0.66,0.72,0,0,1,0,0
S2266,0.77,0.82,0.33,0.33,0,1,0
S2267,0.88,0.79,0,0.5,1,1,0
S2268,0.71,0.77,0.3,0,0,0,0
S2269,0.82,0.69,0,0.14,1,0,0
S2270,0.74,0.62,0.17,0.33,1,1,0
S2271,0.76,0.69,0.33,0,0,0,0
S2272,0.8,0.7,0.17,0,1,0,0
S2273,0.71,0.62,0.5,0,0,0,0
S2274,0.7,0.73,0.17,0,1,0,0
S2275,0.78,0.73,0.29,0.14,0,0,0
S2276,0.62,0.58,0,0.25,0,0,0
S2277,0.71,0.76,0.29,0,0,0,0
S2278,0.73,0.67,0.25,0.13,0,0,0
S2279,0.81,0.7,0.25,0.25,0,0,0
S2280,0.62,0.53,0,0.5,0,1,0
S2281,0.73,0.66,0,0.33,1,1,0
S2282,0.66,0.62,0.25,0.38,0,1,0
S2283,0.81,0.69,0,0.2,1,0,0
S2284,0.79,0.79,0.2,0,1,0,0
S2285,0.58,0.52,0.25,0.25,0,0,0
S2286,0.73,0.67,0,0.25,1,0,0
S2287,0.71,0.58,0.13,0,0,0,0
S2288,0.75,0.8,0.25,0.25,0,0,0
S2289,0.8,0.69,0.36,0.091,0,0,0
S2290,0.6,0.67,0,0,1,0,0
S2291,0.88,0.73,0,0,1,0,0
S2292,0.79,0.69,0.2,0.2,1,0,0
S2293,0.75,0.73,0.33,0.11,0,0,0
S2294,0.65,0.62,0.2,0,1,0,0
S2295,0.72,0.74,0,0.2,1,0,0
S2296,0.76,0.79,0,0,1,0,0
S2297,0.88,0.69,0.5,0,0,0,0
S2298,0.67,0.91,0.5,0,0,0,0
S2299,0.82,0.57,0.17,0.17,0,0,0
S2300,0.83,0.67,0.38,0.13,0,0,0
S2301,0.73,0.64,0.17,0,1,0,0
S2302,0.74,0.72,0.33,0.17,0,0,0
S2303,0.83,0.74,0.11,0,1,0,0
S2304,0.79,0.73,0,0,1,0,0
S2305,0.75,0.74,0,0,1,0,0
S2306,0.81,0.59,0.13,0,0,0,0
S2307,0.8,0.66,0.091,0.18,1,0,0
S2308,0.79,0.62,0,0.33,1,1,0
S2309,0.82,0.7,0.2,0,1,0,0
S2310,0.82,0.82,0.33,0.33,0,1,0
S2311,0.83,0.65,0.33,0.33,0,1,0
S2312,0.83,0.84,0.5,0,0,0,0
S2313,0.9,0.61,0,0,1,0,0
S2314,0.71,0.84,0,0,1,0,0
S2315,0.77,0.8,0.6,0,0,0,0
S2316,0.78,0.63,0,0.17,1,0,0
S2317,0.82,0.74,0,0.17,1,0,0
S2318,0.8,0.64,0,0,1,0,0
S2319,0.72,0.71,0.25,0,0,0,0
S2320,0.75,0.84,0.5,0,0,0,0
S2321,0.8,0.67,0.33,0,0,0,0
S2323,0.73,0.7,0.25,0,0,0,0
S2324,0.81,0.74,0.71,0,0,0,0
S2325,0.66,0.5,0.5,0,0,0,0
S2326,0.65,0.72,0,0,1,0,0
S2327,0.67,0.78,0,0.25,1,0,0
S2328,0.66,0.68,0.13,0.13,1,0,0
S2329,0.67,0.79,0.13,0,1,0,0
S2330,0.78,0.82,0.67,0,0,0,0
S2331,0.65,0.74,0,0.33,1,1,0
S2332,0.74,0.78,0.25,0.25,0,0,0
S2333,0.81,0.71,0.13,0.25,1,0,0
S2334,0.71,0.75,0.2,0,1,0,0
S2335,0.78,0.71,0.2,0.4,1,1,0
S2336,0.82,0.74,0,0,1,0,0
S2337,0.61,0.63,0,0,1,0,0
S2338,0.85,0.68,0.4,0,0,0,0
S2339,0.71,0.77,0,0.2,1,0,0
S2340,0.81,0.78,0,0,1,0,0
S2341,0.77,0.73,0,0,1,0,0
S2342,0.8,0.8,0.33,0.33,0,1,0
S2343,0.72,0.78,0.14,0,1,0,0
S2344,0.79,0.7,0,0,1,0,0
S2345,0.58,0.63,0.67,0,0,0,0
S2346,0.8,0.79,0.33,0,0,0,0
S2347,0.69,0.7,0.22,0,1,0,0
S2348,0.75,0.67,0,0.67,1,1,0
S2349,0.71,0.69,0.17,0,1,0,0
S2350,0.73,0.74,0.14,0.29,1,0,0
S2351,0.69,0.81,0.5,0.5,0,1,0
S2352,0.69,0.55,0,0,0,0,0
S2353,0.76,0.83,0,0.5,1,1,0
S2354,0.77,0.67,0.13,0.13,1,0,0
S2355,0.8,0.69,0,0,1,0,0
S2356,0.63,0.6,0,0.33,1,1,0
S2357,0.58,0.88,0,0,1,0,0
S2358,0.64,0.64,0,0.5,1,1,0
S2359,0.81,0.71,0,0.29,1,0,0
S2360,0.6,0.76,0.4,0,0,0,0
S2361,0.67,0.82,0,0.33,1,1,0
S2362,0.77,0.78,0.25,0.25,0,0,0
S2363,0.76,0.8,0.33,0,0,0,0
S2364,0.72,0.7,0.25,0.25,0,0,0
S2365,0.77,0.67,0.17,0,1,0,0
S2366,0.82,0.61,0.14,0.14,1,0,0
S2367,0.74,0.73,0.2,0.2,1,0,0
S2368,0.76,0.57,0.25,0.25,0,0,0
S2369,0.71,0.64,0.33,0.17,0,0,0
S2370,0.77,0.77,0.4,0,0,0,0
S2371,0.69,0.64,0.25,0.25,0,0,0
S2372,0.75,0.78,0,0,1,0,0
S2373,0.76,0.67,0.4,0,0,0,0
S2374,0.79,0.79,0,0.33,1,1,0
S2375,0.69,0.71,0.22,0.22,1,0,0
S2376,0.72,0.73,0.33,0,0,0,0
S2377,0.72,0.74,0.5,0,0,0,0
S2378,0.68,0.68,0.13,0.13,1,0,0
S2379,0.77,0.7,0,0,1,0,0
S2380,0.85,0.72,0.25,0,0,0,0
S2381,0.79,0.74,0.14,0.14,1,0,0
S2382,0.82,0.66,0.2,0.2,1,0,0
S2383,0.87,0.68,0,0,1,0,0
S2384,0.78,0.63,0.25,0.25,0,0,0
S2385,0.74,0.64,0.25,0.75,0,1,0
S2386,0.87,0.78,0.4,0,0,0,0
S2387,0.82,0.78,0,0,1,0,0
S2388,0.65,0.69,0.4,0.2,0,0,0
S2389,0.72,0.64,0.2,0.6,1,1,0
S2390,0.77,0.7,0.14,0,1,0,0
S2391,0.71,0.74,0.14,0,1,0,0
S2392,0.66,0.73,0.17,0.17,1,0,0
S2393,0.69,0.76,0,0.17,1,0,0
S2394,0.74,0.65,0.33,0.17,0,0,0
S2395,0.8,0.69,0.14,0.29,1,0,0
S2396,0.76,0.75,0.11,0,1,0,0
S2397,0.81,0.82,0,0,1,0,0
S2398,0.78,0.76,0.23,0.23,1,0,0
S2399,0.7,0.68,0,0,1,0,0
S2400,0.81,0.64,0.17,0.17,1,0,0
S2401,0.66,0.61,0.25,0,0,0,0
S2402,0.8,0.77,0.17,0.33,1,1,0
S2403,0.68,0.68,0,0.33,1,1,0
S2404,0.8,0.71,0.25,0.25,0,0,0
S2405,0.75,0.69,0.5,0.25,0,0,0
S2406,0.77,0.73,0.33,0.33,0,1,0
S2407,0.7,0.72,0.17,0.5,1,1,0
S2408,0.78,0.9,0.33,0,0,0,0
S2409,0.8,0.53,0.5,0,0,0,0
S2410,0.71,0.77,0,0.33,1,1,0
S2411,0.63,0.77,0.11,0.11,1,0,0
S2412,0.84,0.81,0,0.25,1,0,0
S2413,0.74,0.73,0,0,1,0,0
S2414,0.78,0.7,0,0,1,0,0
S2415,0.78,0.79,0.2,0.2,1,0,0
S2416,0.84,0.82,0.33,0,0,0,0
S2417,0.76,0.75,0,0,1,0,0
S2418,0.74,0.55,0.2,0,0,0,0
S2419,0.82,0.66,0.11,0.11,1,0,0
S2420,0.8,0.74,0.2,0,1,0,0
S2421,0.73,0.79,0.25,0,0,0,0
S2422,0.77,0.73,0.33,0.11,0,0,0
S2423,0.76,0.72,0,0,1,0,0
S2424,0.74,0.72,0.5,0,0,0,0
S2425,0.74,0.83,0.1,0,1,0,0
S2426,0.75,0.67,0.43,0,0,0,0
S2427,0.77,0.79,0.33,0.44,0,1,0
S2428,0.59,0.75,0.5,0.5,0,1,0
S2429,0.66,0.82,0,0.33,1,1,0
S2430,0.81,0.64,0.17,0,1,0,0
S2431,0.82,0.72,0.17,0.33,1,1,0
S2432,0.7,0.93,0,0,1,0,0
S2433,0.77,0.79,0,0,1,0,0
S2434,0.75,0.75,0.33,0.67,0,1,0
S2435,0.74,0.67,0.33,0.33,0,1,0
S2436,0.83,0.8,0,0,1,0,0
S2437,0.76,0.63,0,0.2,1,0,0
S2438,0.78,0.88,0,1,1,1,1
S2439,0.67,0.76,0.29,0.29,0,0,0
S2440,0.77,0.64,0.11,0,1,0,0
S2441,0.83,0.66,0.67,0.33,0,1,0
S2442,0.72,0.78,0.2,0,1,0,0
S2443,0.79,0.72,0,0.3,1,0,0
S2444,0.74,0.48,0,0,0,0,0
S2445,0.79,0.71,0.25,0,0,0,0
S2446,0.72,0.74,0.33,0,0,0,0
S2447,0.71,0.74,0.67,0,0,0,0
S2448,0.77,0.72,0,0.67,1,1,0
S2449,0.69,0.7,0.3,0.3,0,0,0
S2450,0.71,0.64,0.25,0.5,0,1,0
S2451,0.71,0.57,0,0,0,0,0
S2452,0.73,0.72,0.13,0,1,0,0
S2453,0.7,0.71,0,0.67,1,1,0
S2454,0.78,0.72,0,0,1,0,0
S2455,0.75,0.69,0.25,0,0,0,0
S2456,0.87,0.79,0.5,0,0,0,0
S2457,0.72,0.64,0.29,0.29,0,0,0
S2458,0.82,0.6,0.67,0,0,0,0
S2459,0.84,0.68,0,0,1,0,0
S2460,0.6,0.75,0,0,1,0,0
S2461,0.73,0.68,0.29,0.14,0,0,0
S2462,0.85,0.83,0.14,0.14,1,0,0
S2463,0.89,0.82,0.4,0.2,0,0,0
S2464,0.74,0.72,0.25,0.13,0,0,0
S2465,0.76,0.75,0.3,0.1,0,0,0
S2466,0.68,0.86,0,0.33,1,1,0
S2467,0.78,0.63,0.2,0,1,0,0
S2468,0.78,0.55,0,0.5,0,1,0
S2469,0.8,0.63,0.25,0.25,0,0,0
S2470,0.83,0.61,0,0,1,0,0
S2471,0.68,0.79,0,0.5,1,1,0
S2472,0.79,0.79,0.2,0.4,1,1,0
S2473,0.85,0.77,0.5,0.13,0,0,0
S2474,0.72,0.68,0.13,0,1,0,0
S2475,0.73,0.71,0.13,0.13,1,0,0
S2476,0.78,0.7,0,0,1,0,0
S2477,0.66,0.72,0.38,0.38,0,1,0
S2478,0.76,0.51,0.67,0,0,0,0
S2479,0.77,0.7,0.2,0.2,1,0,0
S2480,0.78,0.85,0.67,0.33,0,1,0
S2481,0.76,0.67,0,0.8,1,1,0
S2482,0.8,0.85,0.11,0.11,1,0,0
S2483,0.77,0.73,0,0.22,1,0,0
S2485,0.7,0.37,0,0.33,0,1,0
S2486,0.73,0.56,0.25,0.5,0,1,0
S2487,0.85,0.74,0.2,0,1,0,0
S2488,0.78,0.68,0.6,0.2,0,0,0
S2489,0.73,0.76,0,0.33,1,1,0
S2490,0.68,0.63,0.2,0.2,1,0,0
S2491,0.74,0.7,0.4,0.4,0,1,0
S2492,0.78,0.73,0.67,0.17,0,0,0
S2493,0.67,0.49,0,0.5,0,1,0
S2494,0.71,0.75,0.17,0.5,1,1,0
S2495,0.76,0.81,0,0.25,1,0,0
S2496,0.67,0.64,0.25,0,0,0,0
S2497,0.84,0.71,0,0.38,1,1,0
S2498,0.69,0.73,0.33,0.33,0,1,0
S2499,0.83,0.68,0.5,0,0,0,0
S2500,0.78,0.74,0.5,0,0,0,0
S2501,0.77,0.74,0.17,0.17,1,0,0
S2502,0.74,0.86,0.25,0,0,0,0
S2503,0.82,0.67,0.25,0.13,0,0,0
S2504,0.79,0.75,0,0,1,0,0
S2505,0.77,0.84,0.14,0.14,1,0,0
S2506,0.64,0.8,0,0,1,0,0
S2507,0.73,0.79,0.17,0.5,1,1,0
S2508,0.76,0.78,0.3,0.1,0,0,0
S2509,0.67,0.67,0,0,1,0,0
S2510,0.71,0.78,0.091,0.27,1,0,0
S2511,0.71,0.73,0,0.33,1,1,0
S2512,0.72,0.66,0,0.5,1,1,0
S2513,0.74,0.63,0.33,0,0,0,0
S2514,0.7,0.79,0.57,0.14,0,0,0
S2515,0.69,0.76,0.1,0.1,1,0,0
S2516,0.8,0.79,0.25,0,0,0,0
S2517,0.76,0.76,0.25,0,0,0,0
S2518,0.69,0.77,0.33,0.17,0,0,0
S2519,0.75,0.73,0.43,0.14,0,0,0
S2520,0.74,0.81,0.2,0.2,1,0,0
S2521,0.84,0.69,0.18,0.27,1,0,0
S2522,0.79,0.71,0.5,0,0,0,0
S2523,0.6,0.63,0.33,0.33,0,1,0
S2524,0.65,0.73,0.14,0.14,1,0,0
S2525,0.73,0.69,0.2,0.2,1,0,0
S2526,0.79,0.69,0,0.22,1,0,0
S2527,0.81,0.65,0.25,0.13,0,0,0
S2528,0.71,0.78,0,0.33,1,1,0
S2529,0.85,0.64,0,0.5,1,1,0
S2530,0.78,0.72,0.17,0.083,1,0,0
S2531,0.54,0.7,0,0.5,1,1,0
S2532,0.8,0.7,0.6,0,0,0,0
S2533,0.66,0.78,0.17,0,1,0,0
S2534,0.74,0.71,0.2,0.2,1,0,0
S2535,0.78,0.74,0.33,0.17,0,0,0
S2536,0.82,0.66,0.5,0,0,0,0
S2537,0.84,0.64,0.67,0,0,0,0
S2538,0.89,0.71,0,0,1,0,0
S2539,0.75,0.79,0.75,0,0,0,0
S2540,0.78,0.73,0,0,1,0,0
S2541,0.76,0.62,0,0.29,1,0,0
S2542,0.82,0.71,0.6,0,0,0,0
S2543,0.76,0.71,0,0.4,1,1,0
S2544,0.78,0.78,1,0,0,0,1
S2545,0.74,0.73,0.4,0,0,0,0
S2546,0.62,0.78,0,0.33,1,1,0
S2547,0.7,0.74,0,0,1,0,0
S2548,0.82,0.73,0.33,0,0,0,0
S2549,0.7,0.79,0.29,0.14,0,0,0
S2550,0.71,0.53,0,0,0,0,0
S2551,0.84,0.79,0.25,0,0,0,0
S2552,0.64,0.64,0.17,0.33,1,1,0
S2553,0.83,0.72,0.17,0.17,1,0,0
S2554,0.62,0.57,0.5,0,0,0,0
S2555,0.77,0.66,0.2,0.2,1,0,0
S2556,0.72,0.72,0.17,0.17,1,0,0
S2557,0.75,0.75,0,0.25,1,0,0
S2558,0.71,0.79,0.29,0.14,0,0,0
S2559,0.76,0.53,0,0.25,0,0,0
S2560,0.77,0.64,0.25,0.13,0,0,0
S2561,0.73,0.66,0.22,0.11,1,0,0
S2562,0.79,0.75,0,0,1,0,0
S2563,0.8,0.75,0.17,0.17,1,0,0
S2564,0.76,0.72,0,0,1,0,0
S2565,0.77,0.66,0.5,0,0,0,0
S2566,0.8,0.75,0,0,1,0,0
S2567,0.75,0.73,0,0.13,1,0,0
S2568,0.74,0.74,0.25,0.25,0,0,0
S2569,0.87,0.79,0,0,1,0,0
S2570,0.69,0.75,0.17,0,1,0,0
S2571,0.59,0.67,0,0,1,0,0
S2572,0.77,0.71,0.2,0,1,0,0
S2573,0.83,0.54,1,0,0,0,1
S2574,0.83,0.77,0,0.17,1,0,0
S2575,0.7,0.74,0,0.2,1,0,0
S2576,0.76,0.71,0.5,0,0,0,0
S2577,0.63,0.8,0,0.67,1,1,0
S2578,0.74,0.74,0.14,0,1,0,0
S2579,0.71,0.63,0.5,0,0,0,0
S2580,0.76,0.69,0.6,0.1,0,0,0
S2581,0.63,0.54,0.33,0,0,0,0
S2582,0.79,0.7,0.14,0.14,1,0,0
S2583,0.72,0.68,0.14,0.14,1,0,0
S2584,0.84,0.74,0.5,0,0,0,0
S2585,0.72,0.59,0.17,0,0,0,0
S2586,0.74,0.66,0.17,0.17,1,0,0
S2587,0.78,0.7,0,0.2,1,0,0
S2588,0.78,0.74,0.43,0,0,0,0
S2589,0.77,0.65,0.22,0.22,1,0,0
S2590,0.67,0.55,0.2,0,0,0,0
S2591,0.72,0.72,0.13,0.25,1,0,0
S2592,0.76,0.77,0,0.2,1,0,0
S2593,0.7,0.54,0,0,0,0,0
S2594,0.7,0.66,0,0.6,1,1,0
S2595,0.81,0.69,0,0.25,1,0,0
S2596,0.75,0.7,0.33,0.33,0,1,0
S2597,0.78,0.59,0,0.33,0,1,0
S2598,0.79,0.7,0.43,0.14,0,0,0
S2599,0.69,0.75,0,0.33,1,1,0
S2600,0.8,0.77,0.33,0,0,0,0
S2601,0.83,0.71,0.25,0.25,0,0,0
S2602,0.79,0.86,0.33,0.33,0,1,0
S2603,0.6,0.61,0.5,0,0,0,0
S2604,0.7,0.65,0.5,0,0,0,0
S2605,0.75,0.83,0.43,0,0,0,0
S2606,0.84,0.67,0,0.2,1,0,0
S2607,0.81,0.77,0.29,0.43,0,1,0
S2608,0.82,0.81,0.5,0.25,0,0,0
S2609,0.84,0.7,0.25,0,0,0,0
S2610,0.91,0.97,0,0,1,0,0
S2611,0.81,0.82,0.14,0.29,1,0,0
S2612,0.71,0.88,1,0,0,0,1
S2613,0.77,0.67,0.38,0.25,0,0,0
S2614,0.77,0.64,0.33,0,0,0,0
S2615,0.81,0.84,0.17,0.33,1,1,0
S2616,0.82,0.73,0.25,0,0,0,0
S2617,0.85,0.73,0.57,0,0,0,0
S2618,0.77,0.66,0,0.4,1,1,0
S2619,0.84,0.68,0.29,0.29,0,0,0
S2620,0.7,0.69,0.33,0.11,0,0,0
S2621,0.65,0.72,0.2,0,1,0,0
S2622,0.71,0.71,0.22,0.33,1,1,0
S2623,0.85,0.71,0.14,0.14,1,0,0
S2624,0.64,0.53,0.17,0.17,0,0,0
S2625,0.64,0.69,0,0.14,1,0,0
S2626,0.72,0.66,0.1,0.3,1,0,0
S2627,0.74,0.71,0,0,1,0,0
S2628,0.6,0.65,0.5,0.5,0,1,0
S2629,0.76,0.73,0,0.5,1,1,0
S2630,0.8,0.77,0.25,0,0,0,0
S2631,0.77,0.73,0.71,0,0,0,0
S2632,0.77,0.69,0,0.29,1,0,0
S2633,0.8,0.67,0,0.17,1,0,0
S2634,0.72,0.71,0.25,0,0,0,0
S2635,0.76,0.78,0,0.5,1,1,0
S2636,0.79,0.8,0.33,0.33,0,1,0
S2637,0.78,0.74,0.22,0.33,1,1,0
S2638,0.81,0.72,0.2,0.2,1,0,0
S2639,0.64,0.71,0,0,1,0,0
S2640,0.77,0.74,0.75,0,0,0,0
S2641,0.8,0.81,0.5,0,0,0,0
S2642,0.59,0.86,0.25,0.25,0,0,0
S2643,0.81,0.68,0.25,0,0,0,0
S2644,0.64,0.81,0,0,1,0,0
S2645,0.84,0.74,0.25,0.25,0,0,0
S2646,0.74,0.72,0.2,0,1,0,0
S2647,0.82,0.68,0.25,0,0,0,0
S2648,0.75,0.75,0.27,0.091,0,0,0
S2649,0.74,0.71,0.43,0,0,0,0
S2650,0.55,0.62,0.67,0,0,0,0
S2651,0.69,0.72,0.25,0,0,0,0
S2652,0.75,0.79,0.25,0,0,0,0
S2653,0.76,0.82,0.17,0,1,0,0
S2654,0.7,0.64,0.11,0,1,0,0
S2655,0.78,0.67,0.33,0.33,0,1,0
S2656,0.84,0.75,0.33,0.33,0,1,0
S2657,0.74,0.63,0.33,0,0,0,0
S2658,0.63,0.74,0,0.25,1,0,0
S2659,0.75,0.73,0.33,0,0,0,0
S2660,0.78,0.63,0.14,0.14,1,0,0
S2661,0.6,0.76,0,0.25,1,0,0
S2662,0.67,0.68,0.14,0.14,1,0,0
S2663,0.81,0.74,0.33,0,0,0,0
S2664,0.83,0.78,0.25,0,0,0,0
S2665,0.76,0.6,0.33,0.17,0,0,0
S2666,0.74,0.79,0.6,0,0,0,0
S2667,0.68,0.72,0,0,1,0,0
S2668,0.74,0.63,0.17,0.17,1,0,0
S2669,0.79,0.68,0.17,0,1,0,0
S2670,0.69,0.64,0,0.2,1,0,0
S2671,0.33,0.54,0,0,0,0,0
S2672,0.87,0.72,0,0,1,0,0
S2673,0.7,0.77,0.2,0,1,0,0
S2674,0.87,0.71,0.25,0,0,0,0
S2675,0.78,0.79,0,0.2,1,0,0
S2676,0.69,0.8,0.2,0,1,0,0
S2677,0.85,0.81,0.25,0.25,0,0,0
S2678,0.68,0.76,0.5,0.25,0,0,0
S2679,0.73,0.67,0,0.43,1,1,0
S2680,0.57,0.82,0,0.67,1,1,0
S2681,0.84,0.9,0,0,1,0,0
S2682,0.84,0.7,0,0,1,0,0
S2683,0.67,0.69,0.11,0.22,1,0,0
S2684,0.56,0.67,0.14,0.43,1,1,0
S2685,0.66,0.63,0.2,0,1,0,0
S2686,0.74,0.64,0.14,0.14,1,0,0
S2687,0.81,0.72,0.4,0.2,0,0,0
S2688,0.61,0.78,0,0.5,1,1,0
S2689,0.74,0.67,0,0.4,1,1,0
S2690,0.74,0.79,0,0.25,1,0,0
S2691,0.82,0.73,0.29,0.29,0,0,0
S2692,0.75,0.85,0,0,1,0,0
S2693,0.77,0.81,0.38,0.13,0,0,0
S2694,0.74,0.75,0.25,0.25,0,0,0
S2695,0.84,0.78,0.25,0,0,0,0
S2696,0.78,0.74,0.2,0,1,0,0
S2697,0.77,0.71,0,0.33,1,1,0
S2698,0.83,0.7,0,0,1,0,0
S2699,0.84,0.7,0.5,0.5,0,1,0
S2700,0.74,0.71,0,0,1,0,0
S2701,0.76,0.5,0.17,0,0,0,0
S2702,0.69,0.73,0.11,0,1,0,0
S2703,0.84,0.78,0.13,0,1,0,0
S2704,0.84,0.63,0.43,0,0,0,0
S2705,0.74,0.62,0,0.4,1,1,0
S2706,0.85,0.72,0.5,0,0,0,0
S2707,0.72,0.75,0,0.13,1,0,0
S2708,0.64,0.81,0.5,0,0,0,0
S2709,0.7,0.66,0,0.67,1,1,0
S2710,0.74,0.75,0.25,0.13,0,0,0
S2711,0.74,0.71,0,0,1,0,0
S2712,0.75,0.67,0.4,0.2,0,0,0
S2713,0.9,0.8,0,0,1,0,0
S2714,0.72,0.77,0,0.5,1,1,0
S2715,0.83,0.76,0,0.33,1,1,0
S2716,0.8,0.71,0.43,0,0,0,0
S2717,0.76,0.69,0.13,0.13,1,0,0
S2718,0.78,0.78,0,0,1,0,0
S2719,0.74,0.72,0,0,1,0,0
S2720,0.84,0.76,0.33,0.33,0,1,0
S2721,0.75,0.66,0.14,0.14,1,0,0
S2722,0.78,0.72,0.25,0.13,0,0,0
S2723,0.84,0.68,0,0.29,1,0,0
S2724,0.72,0.7,0.29,0,0,0,0
S2725,0.81,0.68,0.43,0,0,0,0
S2726,0.84,0.72,0.5,0,0,0,0
S2727,0.83,0.69,0.4,0,0,0,0
S2728,0.78,0.94,0,0,1,0,0
S2729,0.82,0.72,0.8,0,0,0,0
S2730,0.88,0.67,0.25,0,0,0,0
S2731,0.88,0.75,0.5,0.17,0,0,0
S2732,0.72,0.68,0.13,0,1,0,0
S2733,0.92,0.73,0,0,1,0,0
S2734,0.76,0.77,0.2,0,1,0,0
S2735,0.76,0.66,0,0.33,1,1,0
S2736,0.84,0.8,0,0,1,0,0
S2737,0.78,0.71,0.4,0.2,0,0,0
S2738,0.66,0.58,0,0.5,0,1,0
S2739,0.72,0.65,0.29,0,0,0,0
S2740,0.75,0.78,0,0.33,1,1,0
S2741,0.77,0.65,0.5,0,0,0,0
S2742,0.76,0.73,0,0,1,0,0
S2743,0.67,0.73,0,0.29,1,0,0
S2744,0.76,0.62,0,0.33,1,1,0
S2745,0.75,0.79,0.17,0.33,1,1,0
S2746,0.86,0.59,0.2,0.4,0,1,0
S2747,0.77,0.69,0.33,0.33,0,1,0
S2748,0.89,0.68,0.25,0.25,0,0,0
S2749,0.74,0.75,0,0,1,0,0
S2750,0.89,0.72,0,0,1,0,0
S2751,0.83,0.81,0,0.67,1,1,0
S2752,0.75,0.78,0.25,0,0,0,0
S2753,0.68,0.66,0.18,0.18,1,0,0
S2754,0.77,0.72,0.11,0.22,1,0,0
S2755,0.74,0.72,0.4,0.2,0,0,0
S2756,0.81,0.73,0.43,0,0,0,0
S2757,0.75,0.71,0.13,0.13,1,0,0
S2758,0.72,0.73,0.33,0,0,0,0
S2759,0.82,0.72,0.14,0.14,1,0,0
S2760,0.83,0.69,0.29,0.29,0,0,0
S2761,0.74,0.76,0.42,0.25,0,0,0
S2762,0.72,0.71,0,0,1,0,0
S2763,0.78,0.7,0.4,0.2,0,0,0
S2764,0.83,0.72,0.33,0,0,0,0
S2765,0.71,0.77,0,0.25,1,0,0
S2766,0.7,0.8,0.25,0,0,0,0
S2767,0.81,0.71,0.25,0,0,0,0
S2768,0.77,0.73,0.33,0.17,0,0,0
S2769,0.76,0.74,0.29,0,0,0,0
S2770,0.68,0.79,0.13,0,1,0,0
S2771,0.62,0.62,0,0,1,0,0
S2772,0.82,0.61,0.17,0.33,1,1,0
S2773,0.73,0.73,0,0.33,1,1,0
S2774,0.71,0.72,0,0,1,0,0
S2775,0.8,0.82,0.14,0.29,1,0,0
S2776,0.74,0.59,0.25,0.25,0,0,0
S2777,0.74,0.73,0.25,0,0,0,0
S2778,0.54,0.71,0,0,1,0,0
S2779,0.68,0.65,0.17,0.33,1,1,0
S2780,0.72,0.66,0.25,0,0,0,0
S2781,0.78,0.84,0.25,0,0,0,0
S2782,0.75,0.69,0,0.13,1,0,0
S2783,0.76,0.73,0,0.2,1,0,0
S2784,0.85,0.66,0.5,0.5,0,1,0
S2785,0.73,0.74,0.11,0.11,1,0,0
S2786,0.76,0.62,0.33,0,0,0,0
S2787,0.63,0.82,0.25,0,0,0,0
S2788,0.79,0.56,0.33,0.33,0,1,0
S2789,0.7,0.8,0.17,0,1,0,0
S2790,0.79,0.63,0.25,0.25,0,0,0
S2791,0.74,0.68,0.1,0.3,1,0,0
S2792,0.77,0.77,0.2,0.4,1,1,0
S2793,0.71,0.77,0.091,0.27,1,0,0
S2794,0.67,0.77,0,0,1,0,0
S2795,0.61,0.84,0.5,0,0,0,0
S2796,0.7,0.57,0.14,0.43,0,1,0
S2797,0.81,0.87,0.2,0.2,1,0,0
S2798,0.86,0.69,0.25,0.25,0,0,0
S2799,0.52,0.84,0.5,0,0,0,0
S2800,0.71,0.64,0.14,0.29,1,0,0
S2801,0.75,0.8,0.17,0.17,1,0,0
S2802,0.81,0.68,0,0.25,1,0,0
S2803,0.76,0.76,0.5,0,0,0,0
S2804,0.74,0.53,0.8,0,0,0,0
S2805,0.75,0.71,0.27,0.18,0,0,0
S2806,0.67,0.64,0.33,0.17,0,0,0
S2807,0.77,0.55,0,0,0,0,0
S2808,0.69,0.74,0.5,0.25,0,0,0
S2809,0.8,0.73,0,0.14,1,0,0
S2810,0.71,0.72,0.4,0,0,0,0
S2811,0.84,0.82,0,0,1,0,0
S2812,0.46,0.74,0.25,0,0,0,0
S2813,0.8,0.69,0.18,0.091,1,0,0
S2814,0.62,0.7,0.25,0.25,0,0,0
S2815,0.8,0.75,0.14,0.14,1,0,0
S2816,0.65,0.92,0,0,1,0,0
S2817,0.72,0.67,0.44,0.11,0,0,0
S2818,0.68,0.73,0.13,0.63,1,1,0
S2819,0.85,0.81,0.33,0,0,0,0
S2820,0.73,0.65,0.2,0.4,1,1,0
S2821,0.77,0.76,0.14,0.43,1,1,0
S2822,0.76,0.86,0,0.25,1,0,0
S2823,0.81,0.67,0.33,0.11,0,0,0
S2824,0.75,0.69,0.33,0.5,0,1,0
S2825,0.79,0.7,0.25,0,0,0,0
S2826,0.8,0.8,0.17,0,1,0,0
S2827,0.82,0.68,0.14,0.29,1,0,0
S2828,0.84,0.69,1,0,0,0,1
S2829,0.79,0.68,0.2,0.1,1,0,0
S2830,0.76,0.71,0,0,1,0,0
S2831,0.76,0.62,0.25,0.13,0,0,0
S2832,0.68,0.8,0.2,0,1,0,0
S2833,0.78,0.62,0,0.2,1,0,0
S2834,0.76,0.77,0.13,0,1,0,0
S2835,0.84,0.62,0,0.2,1,0,0
S2836,0.71,0.76,0.14,0.14,1,0,0
S2837,0.76,0.74,0,0,1,0,0
S2838,0.67,0.74,0.25,0,0,0,0
S2839,0.66,0.68,0,0.17,1,0,0
S2840,0.79,0.65,0.67,0.33,0,1,0
S2841,0.67,0.72,0,0,1,0,0
S2842,0.78,0.67,0.17,0,1,0,0
S2843,0.7,0.77,0,0,1,0,0
S2844,0.75,0.71,0,0,1,0,0
S2845,0.71,0.75,0,0.25,1,0,0
S2846,0.73,0.7,0.27,0.091,0,0,0
S2847,0.79,0.73,0,0.2,1,0,0
S2848,0.85,0.62,0.29,0.14,0,0,0
S2849,0.7,0.74,0.14,0.29,1,0,0
S2850,0.8,0.66,0.14,0.29,1,0,0
S2851,0.79,0.65,0,0.2,1,0,0
S2852,0.71,0.66,0,0.25,1,0,0
S2853,0.86,0.74,0.67,0,0,0,0
S2854,0.84,0.75,0.23,0.077,1,0,0
S2855,0.74,0.71,0,0.33,1,1,0
S2856,0.56,0.93,1,0,0,0,1
S2857,0.69,0.74,0.2,0,1,0,0
S2858,0.73,0.76,0.22,0.22,1,0,0
S2859,0.86,0.83,0,0,1,0,0
S2860,0.74,0.82,0.4,0,0,0,0
S2861,0.75,0.66,0.17,0.5,1,1,0
S2862,0.75,0.68,0.5,0,0,0,0
S2863,0.83,0.78,0,0,1,0,0
S2864,0.73,0.59,0.13,0,0,0,0
S2865,0.76,0.56,0,0,0,0,0
S2866,0.73,0.62,0.33,0,0,0,0
S2867,0.82,0.75,0,0.38,1,1,0
S2868,0.76,0.72,0.11,0,1,0,0
S2869,0.78,0.75,0,0.57,1,1,0
S2870,0.72,0.8,0.29,0.14,0,0,0
S2871,0.65,0.7,0.33,0,0,0,0
S2872,0.89,0.76,0.25,0,0,0,0
S2873,0.83,0.73,0.5,0,0,0,0
S2874,0.86,0.72,0.22,0.11,1,0,0
S2875,0.79,0.83,0.33,0,0,0,0
S2876,0.73,0.81,0.25,0,0,0,0
S2877,0.75,0.57,0.33,0.17,0,0,0
S2878,0.72,0.61,0.2,0.6,1,1,0
S2879,0.63,0.82,0.5,0,0,0,0
S2880,0.64,0.6,0.5,0,0,0,0
S2881,0.74,0.85,0.5,0,0,0,0
S2882,0.72,0.71,0,0,1,0,0
S2883,0.85,0.7,0.2,0,1,0,0
S2884,0.79,0.74,0.2,0.2,1,0,0
S2885,0.69,0.61,0,0,1,0,0
S2886,0.79,0.89,0,0.5,1,1,0
S2887,0.72,0.68,0,0.5,1,1,0
S2888,0.73,0.78,0,0.2,1,0,0
S2889,0.81,0.74,0,0.33,1,1,0
S2890,0.65,0.61,0.5,0.17,0,0,0
S2891,0.81,0.64,0.2,0,1,0,0
S2892,0.76,0.63,0.17,0,1,0,0
S2893,0.82,0.75,0.4,0.2,0,0,0
S2894,0.81,0.68,0.2,0,1,0,0
S2895,0.78,0.77,0.14,0.14,1,0,0
S2896,0.74,0.8,0.1,0,1,0,0
S2897,0.75,0.71,0.091,0.27,1,0,0
S2898,0.81,0.73,0.4,0,0,0,0
S2899,0.74,0.71,0,0.5,1,1,0
S2900,0.78,0.84,0.71,0.14,0,0,0
S2901,0.85,0.63,0,0,1,0,0
S2902,0.66,0.64,0,0.5,1,1,0
S2903,0.77,0.75,0,0,1,0,0
S2904,0.67,0.8,0,0.25,1,0,0
S2905,0.83,0.79,0.17,0.33,1,1,0
S2906,0.76,0.73,0,0.33,1,1,0
S2907,0.57,0.74,0,0.5,1,1,0
S2908,0.71,0.66,0,0,1,0,0
S2909,0.81,0.7,0,0,1,0,0
S2910,0.7,0.8,0.2,0,1,0,0
S2911,0.86,0.75,0.2,0,1,0,0
S2912,0.75,0.8,0,0.13,1,0,0
S2913,0.81,0.75,0.4,0.2,0,0,0
S2914,0.81,0.81,0.33,0.17,0,0,0
S2915,0.77,0.59,0.29,0.14,0,0,0
S2916,0.86,0.68,0.13,0.25,1,0,0
S2917,0.74,0.81,0.25,0.25,0,0,0
S2918,0.72,0.6,0,0,0,0,0
S2919,0.84,0.74,0,0,1,0,0
S2920,0.64,0.83,0,0.25,1,0,0
S2921,0.64,0.63,0.2,0.2,1,0,0
S2922,0.75,0.85,0.14,0.14,1,0,0
S2923,0.74,0.73,0,0,1,0,0
S2924,0.74,0.7,0.091,0.27,1,0,0
S2925,0.83,0.72,0,0,1,0,0
S2926,0.64,0.76,0.2,0.2,1,0,0
S2927,0.81,0.75,0,0,1,0,0
S2928,0.79,0.83,0,0,1,0,0
S2929,0.77,0.74,0.11,0.22,1,0,0
S2930,0.79,0.72,0,0.17,1,0,0
S2931,0.74,0.68,0.67,0.17,0,0,0
S2932,0.73,0.59,0.33,0.33,0,1,0
S2933,0.75,0.75,0.17,0.5,1,1,0
S2934,0.81,0.78,0.5,0,0,0,0
S2935,0.81,0.8,0.2,0,1,0,0
S2936,0.74,0.69,0.5,0,0,0,0
S2937,0.71,0.71,0.5,0,0,0,0
S2938,0.7,0.69,0.13,0.25,1,0,0
S2939,0.91,0.56,0.33,0,0,0,0
S2940,0.74,0.65,0.33,0,0,0,0
S2941,0.78,0.8,0.29,0.14,0,0,0
S2942,0.75,0.71,0.29,0.29,0,0,0
S2943,0.78,0.66,0.17,0.5,1,1,0
S2944,0.66,0.75,0,0,1,0,0
S2945,0.77,0.78,0,0.14,1,0,0
S2946,0.72,0.45,0,0,0,0,0
S2947,0.65,0.77,0.22,0.22,1,0,0
S2948,0.79,0.78,0,0.11,1,0,0
S2949,0.75,0.68,0,0.22,1,0,0
S2950,0.7,0.88,0.25,0,0,0,0
S2951,0.63,0.69,0.6,0.2,0,0,0
S2952,0.9,0.82,0,1,1,1,1
S2953,0.81,0.66,0.2,0.1,1,0,0
S2954,0.75,0.75,0.17,0.33,1,1,0
S2955,0.76,0.71,0.17,0.33,1,1,0
S2956,0.74,0.7,0.75,0,0,0,0
S2957,0.88,0.76,0.2,0,1,0,0
S2958,0.7,0.66,0.22,0.44,1,1,0
S2959,0.75,0.71,0.29,0.29,0,0,0
S2960,0.87,0.82,0.25,0.5,0,1,0
S2961,0.7,0.8,0.14,0.14,1,0,0
S2962,0.75,0.71,0.11,0.44,1,1,0
S2963,0.62,0.71,0,0,1,0,0
S2964,0.81,0.8,0.5,0,0,0,0
S2965,0.69,0.67,0.25,0,0,0,0
S2966,0.78,0.64,0.17,0.33,1,1,0
S2967,0.72,0.8,0.14,0.14,1,0,0
S2968,0.82,0.68,0.11,0.22,1,0,0
S2969,0.92,0.8,0.33,0,0,0,0
S2970,0.86,0.67,0,0,1,0,0
S2971,0.61,0.63,0.5,0,0,0,0
S2972,0.7,0.51,0.5,0,0,0,0
S2973,0.74,0.69,0.25,0,0,0,0
S2974,0.84,0.75,0.17,0.33,1,1,0
S2975,0.81,0.9,0,0.25,1,0,0
S2976,0.74,0.73,0.4,0,0,0,0
S2977,0.77,0.78,0.14,0,1,0,0
S2978,0.72,0.7,0.13,0.25,1,0,0
S2979,0.8,0.66,0,0.25,1,0,0
S2980,0.4,0.64,0,0,1,0,0
S2981,0.79,0.7,0,0.25,1,0,0
S2982,0.72,0.8,0.22,0.22,1,0,0
S2983,0.66,0.67,0.13,0,1,0,0
S2984,0.84,0.69,0,0,1,0,0
S2985,0.74,0.72,0,0,1,0,0
S2986,0.66,0.65,0.2,0.1,1,0,0
S2987,0.72,0.64,0.57,0.14,0,0,0
S2988,0.84,0.71,0,0.67,1,1,0
S2989,0.73,0.68,0.5,0.25,0,0,0
S2990,0.7,0.69,0.3,0.2,0,0,0
S2991,0.75,0.75,0,0,1,0,0
S2992,0.73,0.74,0.29,0.29,0,0,0
S2993,0.72,0.72,0.29,0,0,0,0
S2994,0.86,0.7,0.25,0.25,0,0,0
S2995,0.66,0.73,0.33,0,0,0,0
S2996,0.81,0.82,0.14,0,1,0,0
S2997,0.81,0.72,0.33,0,0,0,0
S2998,0.61,0.69,0.38,0.13,0,0,0
S2999,0.77,0.69,0,0.13,1,0,0
S3000,0.79,0.58,0.67,0,0,0,0
S3001,0.67,0.89,0.25,0.25,0,0,0
S3002,0.83,0.73,0.25,0.25,0,0,0
S3003,0.72,0.71,0,0,1,0,0
S3004,0.75,0.7,0.29,0.14,0,0,0
S3005,0.75,0.59,0.17,0,0,0,0
S3006,0.76,0.65,0,0.33,1,1,0
S3007,0.82,0.74,0,0.25,1,0,0
S3008,0.72,0.75,0.2,0.2,1,0,0
S3009,0.64,0.53,0,0.5,0,1,0
S3010,0.82,0.73,0,0,1,0,0
S3011,0.71,0.58,0.4,0,0,0,0
S3012,0.67,0.75,0,0.25,1,0,0
S3013,0.82,0.63,0.14,0,1,0,0
S3014,0.85,0.88,0,0,1,0,0
S3015,0.86,0.73,0.25,0,0,0,0
S3016,0.71,0.61,0.25,0,0,0,0
S3017,0.68,0.72,0.71,0,0,0,0
S3018,0.71,0.67,0.29,0.29,0,0,0
S3019,0.6,0.82,0.25,0,0,0,0
S3020,0.76,0.53,0.33,0,0,0,0
S3021,0.81,0.68,0,0,1,0,0
S3022,0.86,0.79,0.67,0,0,0,0
S3023,0.69,0.78,0.4,0.2,0,0,0
S3024,0.7,0.81,0,0.4,1,1,0
S3025,0.73,0.8,0.33,0.17,0,0,0
S3026,0.71,0.73,0.25,0,0,0,0
S3027,0.82,0.81,0.5,0,0,0,0
S3028,0.71,0.56,0.2,0,0,0,0
S3029,0.82,0.66,0.13,0.25,1,0,0
S3030,0.55,0.84,0,1,1,1,1
S3031,0.82,0.49,0,0,0,0,0
S3032,0.69,0.78,0,0,1,0,0
S3033,0.76,0.72,0.13,0.38,1,1,0
S3035,0.85,0.56,0,0.4,0,1,0
S3036,0.68,0.77,0,0.13,1,0,0
S3037,0.82,0.57,0.22,0.11,0,0,0
S3038,0.77,0.66,0.13,0,1,0,0
S3039,0.79,0.71,0,0.33,1,1,0
S3040,0.71,0.73,0.14,0.29,1,0,0
S3041,0.69,0.65,0,0.5,1,1,0
S3042,0.79,0.71,0.33,0,0,0,0
S3043,0.71,0.69,0.29,0.14,0,0,0
S3044,0.75,0.74,0.17,0.33,1,1,0
S3045,0.8,0.66,0,0,1,0,0
S3046,0.78,0.8,0.13,0.13,1,0,0
S3047,0.85,0.77,0,0,1,0,0
S3048,0.71,0.64,0,0.25,1,0,0
S3049,0.75,0.7,0.13,0.13,1,0,0
S3050,0.77,0.69,0.13,0.38,1,1,0
S3051,0.77,0.72,0,0.14,1,0,0
S3052,0.92,0.62,0.5,0,0,0,0
S3053,0.74,0.7,0.22,0.33,1,1,0
S3054,0.77,0.71,0.17,0.17,1,0,0
S3055,0.7,0.72,0.17,0,1,0,0
S3056,0.66,0.79,0,0,1,0,0
S3057,0.68,0.68,0.14,0,1,0,0
S3058,0.71,0.83,0,0,1,0,0
S3059,0.8,0.75,0.1,0,1,0,0
S3060,0.72,0.7,0.33,0,0,0,0
S3061,0.74,0.67,0.25,0.13,0,0,0
S3062,0.74,0.74,0.29,0,0,0,0
S3063,0.72,0.67,0.4,0,0,0,0
S3064,0.78,0.77,0,0.5,1,1,0
S3065,0.76,0.78,0.2,0.4,1,1,0
S3066,0.75,0.74,0.22,0.22,1,0,0
S3067,0.78,0.71,0.33,0.33,0,1,0
S3068,0.79,0.65,0.33,0,0,0,0
S3069,0.62,0.64,0.25,0,0,0,0
S3070,0.76,0.67,0.13,0.25,1,0,0
S3071,0.7,0.6,0.43,0,0,0,0
S3072,0.76,0.68,0.33,0.17,0,0,0
S3073,0.66,0.77,0.25,0,0,0,0
S3074,0.77,0.62,0,0.25,1,0,0
S3075,0.8,0.71,0.13,0,1,0,0
S3076,0.78,0.71,0,0.4,1,1,0
S3077,0.78,0.58,0,0.5,0,1,0
S3078,0.74,0.79,0,0.29,1,0,0
S3079,0.76,0.73,0.67,0,0,0,0
S3080,0.77,0.65,0.5,0,0,0,0
S3081,0.75,0.78,0,0.17,1,0,0
S3082,0.78,0.61,0,0.4,1,1,0
S3083,0.76,0.73,0.3,0.1,0,0,0
S3084,0.65,0.54,0.33,0,0,0,0
S3085,0.81,0.75,0,0.17,1,0,0
S3086,0.6,0.81,0.25,0.25,0,0,0
S3087,0.44,0.84,0,0,1,0,0
S3088,0.78,0.79,0.25,0.13,0,0,0
S3089,0.84,0.74,0.11,0.22,1,0,0
S3090,0.72,0.76,0.14,0.29,1,0,0
S3091,0.73,0.75,0.33,0,0,0,0
S3092,0.8,0.65,0.17,0.33,1,1,0
S3093,0.77,0.67,0,0,1,0,0
S3094,0.65,0.68,0.14,0.29,1,0,0
S3095,0.77,0.77,0,0.33,1,1,0
S3096,0.69,0.61,0.11,0.11,1,0,0
S3097,0.67,0.76,0.2,0.4,1,1,0
S3098,0.85,0.79,0,0,1,0,0
S3099,0.81,0.63,0.25,0,0,0,0
S3100,0.76,0.66,0.1,0.2,1,0,0
S3101,0.75,0.7,0,0.22,1,0,0
S3102,0.85,0.6,0,0,0,0,0
S3103,0.69,0.62,0.25,0,0,0,0
S3104,0.73,0.72,0.083,0.17,1,0,0
S3105,0.73,0.66,0.17,0,1,0,0
S3106,0.66,0.67,0.2,0,1,0,0
S3107,0.56,0.44,0.5,0,0,0,0
S3108,0.64,0.77,0,0.33,1,1,0
S3109,0.8,0.63,0.25,0.25,0,0,0
S3110,0.64,0.67,0.29,0,0,0,0
S3111,0.83,0.5,0.5,0,0,0,0
S3112,0.73,0.72,0.33,0.33,0,1,0
S3113,0.64,0.72,0.2,0.2,1,0,0
S3114,0.73,0.63,0.4,0,0,0,0
S3115,0.76,0.76,0,0.33,1,1,0
S3116,0.71,0.77,0.2,0.2,1,0,0
S3117,0.7,0.75,0,0.67,1,1,0
S3118,0.84,0.56,0.67,0,0,0,0
S3119,0.73,0.72,0,0.67,1,1,0
S3120,0.73,0.66,0.33,0,0,0,0
S3121,0.75,0.79,0.33,0.33,0,1,0
S3122,0.73,0.56,0.5,0,0,0,0
S3123,0.72,0.71,0.75,0,0,0,0
S3124,0.54,0.48,0.5,0,0,0,0
S3125,0.72,0.74,0.25,0,0,0,0
S3126,0.76,0.71,0,0.38,1,1,0
S3127,0.8,0.64,0,0.5,1,1,0
S3128,0.87,0.7,0,0.25,1,0,0
S3129,0.73,0.63,0.22,0.11,1,0,0
S3130,0.81,0.68,0.43,0.14,0,0,0
S3131,0.75,0.75,0.2,0,1,0,0
S3132,0.75,0.74,0.5,0.25,0,0,0
S3133,0.73,0.72,0.33,0,0,0,0
S3134,0.73,0.66,0.29,0.29,0,0,0
S3135,0.81,0.68,0.22,0.22,1,0,0
S3136,0.64,0.85,0,0.25,1,0,0
S3137,0.8,0.73,0,0.67,1,1,0
S3138,0.8,0.8,0.11,0.33,1,1,0
S3139,0.82,0.8,0.2,0.2,1,0,0
S3140,0.82,0.76,0.33,0.17,0,0,0
S3141,0.76,0.63,0,0,1,0,0
S3142,0.73,0.81,0.25,0.13,0,0,0
S3143,0.72,0.67,0.11,0.22,1,0,0
S3144,0.74,0.74,0.13,0.38,1,1,0
S3145,0.78,0.76,0.5,0.17,0,0,0
S3146,0.74,0.84,0.2,0.2,1,0,0
S3147,0.8,0.76,0.33,0,0,0,0
S3148,0.69,0.71,0,0,1,0,0
S3149,0.92,0.51,0.5,0,0,0,0
S3150,0.77,0.77,0,0.5,1,1,0
S3151,0.72,0.73,0.17,0.17,1,0,0
S3152,0.76,0.6,0,0,0,0,0
S3153,0.67,0.66,0.29,0.29,0,0,0
S3154,0.77,0.7,0.25,0,0,0,0
S3155,0.74,0.61,0,0,1,0,0
S3156,0.76,0.62,0,0.33,1,1,0
S3157,0.74,0.69,0.2,0,1,0,0
S3158,0.7,0.81,0.25,0,0,0,0
S3159,0.49,0.47,0,0,0,0,0
S3160,0.68,0.76,0.2,0,1,0,0
S3161,0.75,0.62,0.29,0.14,0,0,0
S3162,0.91,0.51,0,0,0,0,0
S3163,0.79,0.8,0,0,1,0,0
S3164,0.75,0.83,0.17,0.17,1,0,0
S3165,0.81,0.63,0.5,0,0,0,0
S3166,0.75,0.69,0,0.25,1,0,0
S3167,0.7,0.53,0.33,0.33,0,1,0
S3168,0.74,0.71,0,0.3,1,0,0
S3169,0.69,0.75,0.15,0.15,1,0,0
S3170,0.75,0.57,0.33,0,0,0,0
S3171,0.81,0.82,0,0,1,0,0
S3172,0.75,0.64,0.11,0.22,1,0,0
S3173,0.82,0.73,0.17,0,1,0,0
S3174,0.75,0.76,0,0.33,1,1,0
S3175,0.81,0.82,0.25,0.25,0,0,0
S3176,0.75,0.72,0.2,0.4,1,1,0
S3177,0.78,0.8,0.17,0.17,1,0,0
S3178,0.71,0.71,0.29,0.29,0,0,0
S3179,0.77,0.65,0.091,0.18,1,0,0
S3180,0.79,0.68,0,0.25,1,0,0
S3181,0.72,0.63,0.5,0,0,0,0
S3182,0.82,0.72,0,0.25,1,0,0
S3183,0.79,0.68,0,0.4,1,1,0
S3184,0.73,0.61,0.3,0.1,0,0,0
S3185,0.74,0.84,0.4,0.2,0,0,0
S3186,0.81,0.8,0,0.5,1,1,0
S3187,0.77,0.7,0.17,0.33,1,1,0
S3188,0.78,0.78,0,0,1,0,0
S3189,0.71,0.69,0.13,0.13,1,0,0
S3190,0.75,0.65,0,0,1,0,0
S3191,0.79,0.77,0.13,0.13,1,0,0
S3192,0.8,0.57,0.14,0,0,0,0
S3193,0.79,0.73,0.25,0,0,0,0
S3194,0.73,0.72,0.5,0,0,0,0
S3195,0.75,0.76,0.11,0.33,1,1,0
S3196,0.69,0.79,0.29,0.57,0,1,0
S3197,0.84,0.7,0.17,0.33,1,1,0
S3198,0.67,0.74,0.5,0.17,0,0,0
S3199,0.77,0.75,0.2,0,1,0,0
