session_id,total_turns,unique_turn_positions,user_turns,system_turns,intent_service_lookup_count,intent_start_application_count,intent_repeat_count,intent_unknown_count,total_error_turns,misunderstanding_turns,silence_turns,noise_turns,turn_error_rate_pct,repeat_intent_rate_pct,avg_turn_intent_confidence,avg_turn_asr_confidence,total_turn_duration_sec,avg_turn_duration_sec
S2698,5,4,3,2,0,2,1,2,0,0,0,0,0,20,0,0,27,5.4
S2653,6,5,2,4,4,1,1,0,1,1,0,0,16.7,16.7,0,0,55,9.2
S3159,2,2,1,1,0,0,0,2,0,0,0,0,0,0,0,0,18,9
S3087,1,1,0,1,0,1,0,0,0,0,0,0,0,0,0,0,11,11
S2843,7,6,5,2,2,4,1,0,1,0,0,1,14.3,14.3,0,0,51,7.3
S2220,7,6,2,5,4,2,1,0,2,2,0,0,28.6,14.3,0,0,46,6.6
S2244,12,9,7,5,3,3,3,3,4,1,2,1,33.3,25,0,0,107,8.9
S2508,10,6,5,5,3,6,1,0,4,3,1,0,40,10,0,0,79,7.9
S2637,9,5,6,3,3,3,3,0,6,2,3,1,66.7,33.3,0,0,61,6.8
S2827,7,7,1,6,2,4,0,1,3,1,2,0,42.9,0,0,0,50,7.1
S2295,5,4,2,3,2,3,0,0,2,0,1,1,40,0,0,0,35,7
S2074,5,4,2,3,4,0,1,0,0,0,0,0,0,20,0,0,36,7.2
S2928,3,3,3,0,1,0,1,1,0,0,0,0,0,33.3,0,0,16,5.3
S2407,6,6,3,3,2,4,0,0,4,1,3,0,66.7,0,0,0,45,7.5
S3032,6,6,3,3,3,1,0,2,2,0,0,2,33.3,0,0,0,39,6.5
S2738,4,3,3,1,2,2,0,0,2,0,2,0,50,0,0,0,45,11.2
S2892,6,6,4,2,1,1,2,2,1,1,0,0,16.7,33.3,0,0,36,6
S2682,5,4,4,1,1,1,1,2,1,0,0,1,20,20,0,0,38,7.6
S3188,3,2,2,1,2,0,1,0,1,0,0,1,33.3,33.3,0,0,19,6.3
S2463,5,4,2,3,1,3,0,1,3,2,1,0,60,0,0,0,34,6.8
S3056,4,4,1,3,2,1,1,0,2,0,0,2,50,25,0,0,28,7
S2010,4,3,4,0,2,1,0,1,1,0,1,0,25,0,0,0,39,9.8
S2341,5,5,3,2,1,3,0,1,2,0,0,2,40,0,0,0,45,9
S2732,8,8,5,3,3,4,0,1,1,1,0,0,12.5,0,0,0,74,9.2
S3038,8,6,2,6,3,2,1,2,1,1,0,0,12.5,12.5,0,0,79,9.9
S2922,7,6,4,3,4,2,0,1,2,1,1,0,28.6,0,0,0,59,8.4
S3182,4,4,1,3,4,0,0,0,1,0,1,0,25,0,0,0,33,8.2
S2469,4,4,4,0,1,2,1,0,2,1,1,0,50,25,0,0,33,8.2
S2756,7,5,5,2,2,3,1,1,3,3,0,0,42.9,14.3,0,0,58,8.3
S2898,5,5,3,2,3,1,1,0,3,2,0,1,60,20,0,0,29,5.8
S2946,2,2,2,0,1,1,0,0,0,0,0,0,0,0,0,0,10,5
S2688,4,4,2,2,2,1,0,1,2,0,2,0,50,0,0,0,38,9.5
S2325,2,2,1,1,0,1,0,1,1,1,0,0,50,0,0,0,22,11
S2997,6,4,3,3,2,2,1,1,2,2,0,0,33.3,16.7,0,0,46,7.7
S2849,7,5,4,3,3,2,1,1,3,1,2,0,42.9,14.3,0,0,56,8
S3153,7,5,4,3,2,2,3,0,4,2,2,0,57.1,42.9,0,0,30,4.3
S2566,8,6,2,6,2,3,2,1,1,0,0,1,12.5,25,0,0,65,8.1
S2787,4,4,2,2,1,2,1,0,1,1,0,0,25,25,0,0,31,7.8
S2659,3,3,2,1,0,2,0,1,1,1,0,0,33.3,0,0,0,27,9
S2115,7,6,4,3,3,3,0,1,3,3,0,0,42.9,0,0,0,55,7.9
S2171,7,7,4,3,2,2,2,1,3,1,2,0,42.9,28.6,0,0,64,9.1
S2390,7,4,2,5,3,3,1,0,1,1,0,0,14.3,14.3,0,0,55,7.9
S3137,3,2,1,2,0,3,0,0,2,0,2,0,66.7,0,0,0,20,6.7
S2502,4,3,2,2,1,0,2,1,2,1,0,1,50,50,0,0,30,7.5
S2141,3,2,2,1,2,0,0,1,3,1,2,0,100,0,0,0,15,5
S2532,5,5,3,2,2,2,1,0,3,3,0,0,60,20,0,0,38,7.6
S3107,4,4,1,3,2,0,1,1,2,2,0,0,50,25,0,0,35,8.8
S2488,5,4,3,2,0,1,1,3,4,3,1,0,80,20,0,0,39,7.8
S2556,6,5,4,2,2,2,2,0,2,1,1,0,33.3,33.3,0,0,41,6.8
S2669,6,5,2,4,4,2,0,0,2,1,0,1,33.3,0,0,0,52,8.7
S3163,2,2,1,1,2,0,0,0,0,0,0,0,0,0,0,0,6,3
S2879,4,3,0,4,3,1,0,0,2,2,0,0,50,0,0,0,39,9.8
S2125,5,4,3,2,2,2,1,0,3,2,1,0,60,20,0,0,41,8.2
S2976,5,5,3,2,1,1,3,0,2,2,0,0,40,60,0,0,46,9.2
S2459,5,5,3,2,1,2,2,0,1,0,0,1,20,40,0,0,47,9.4
S2587,5,4,3,2,4,0,1,0,1,0,1,0,20,20,0,0,58,11.6
S2766,4,4,2,2,3,0,0,1,2,1,0,1,50,0,0,0,28,7
S2315,5,5,1,4,4,1,0,0,4,3,0,1,80,0,0,0,39,7.8
S2190,5,4,2,3,4,0,1,0,2,2,0,0,40,20,0,0,26,5.2
S2371,8,7,5,3,1,2,2,3,4,2,2,0,50,25,0,0,67,8.4
S2912,8,7,2,6,5,1,1,1,1,0,1,0,12.5,12.5,0,0,71,8.9
S2702,9,7,7,2,3,5,0,1,2,1,0,1,22.2,0,0,0,101,11.2
S3008,5,4,1,4,1,2,1,1,3,1,1,1,60,20,0,0,31,6.2
S3066,9,8,6,3,3,1,5,0,4,2,2,0,44.4,55.6,0,0,82,9.1
S2453,3,3,1,2,0,1,2,0,2,0,2,0,66.7,66.7,0,0,32,10.7
S2020,9,6,6,3,1,5,2,1,3,1,2,0,33.3,22.2,0,0,66,7.3
S2044,3,2,3,0,2,0,0,1,1,0,1,0,33.3,0,0,0,14,4.7
S3002,4,2,2,2,1,1,1,1,2,1,1,0,50,25,0,0,35,8.8
S2437,5,3,4,1,1,3,0,1,1,0,1,0,20,0,0,0,32,6.4
S2708,2,2,0,2,2,0,0,0,1,1,0,0,50,0,0,0,19,9.5
S2918,4,3,1,3,1,3,0,0,0,0,0,0,0,0,0,0,32,8
S2274,6,5,5,1,1,2,1,2,1,1,0,0,16.7,16.7,0,0,34,5.7
S2095,5,4,2,3,1,1,2,1,2,1,1,0,40,40,0,0,38,7.6
S2817,9,6,6,3,3,0,5,1,5,4,1,0,55.6,55.6,0,0,75,8.3
S2538,2,2,1,1,0,1,0,1,0,0,0,0,0,0,0,0,26,13
S2607,7,5,5,2,3,2,0,2,5,2,3,0,71.4,0,0,0,50,7.1
S2873,6,5,4,2,2,0,1,3,4,3,0,1,66.7,16.7,0,0,48,8
S2663,9,6,6,3,4,3,1,1,3,3,0,0,33.3,11.1,0,0,72,8
S2482,9,7,7,2,6,2,1,0,2,1,1,0,22.2,11.1,0,0,79,8.8
S3169,13,9,9,4,4,5,4,0,5,2,2,1,38.5,30.8,0,0,107,8.2
S2210,4,4,3,1,2,1,1,0,2,2,0,0,50,25,0,0,36,9
S2877,6,5,4,2,3,2,0,1,3,2,1,0,50,0,0,0,58,9.7
S2558,7,7,3,4,4,1,1,1,3,2,1,0,42.9,14.3,0,0,62,8.9
S2486,4,3,3,1,0,2,1,1,3,1,2,0,75,25,0,0,33,8.2
S2667,2,2,1,1,2,0,0,0,1,0,0,1,50,0,0,0,15,7.5
S2214,8,7,5,3,5,1,1,1,4,1,2,1,50,12.5,0,0,79,9.9
S2091,4,3,2,2,0,3,1,0,1,0,1,0,25,25,0,0,34,8.5
S2270,6,5,2,4,3,2,0,1,3,1,2,0,50,0,0,0,38,6.3
S2813,11,6,9,2,4,4,1,2,5,2,1,2,45.5,9.1,0,0,77,7
S2603,2,2,0,2,1,0,0,1,1,1,0,0,50,0,0,0,6,3
S3109,4,4,3,1,1,2,1,0,2,1,1,0,50,25,0,0,26,6.5
S2040,6,6,4,2,0,5,0,1,3,2,1,0,50,0,0,0,66,11
S2433,6,6,3,3,3,1,1,1,0,0,0,0,0,16.7,0,0,48,8
S3006,3,3,1,2,2,1,0,0,1,0,1,0,33.3,0,0,0,18,6
S2589,9,8,7,2,3,2,2,2,4,2,2,0,44.4,22.2,0,0,68,7.6
S2457,7,6,5,2,2,3,2,0,4,2,2,0,57.1,28.6,0,0,68,9.7
S2768,6,6,5,1,2,2,0,2,3,2,1,0,50,0,0,0,49,8.2
S2978,8,5,4,4,4,2,0,2,3,1,2,0,37.5,0,0,0,63,7.9
S3062,7,6,6,1,3,2,1,1,3,2,0,1,42.9,14.3,0.14,0,50,7.1
S2024,7,6,3,4,1,3,1,2,1,0,1,0,14.3,14.3,0,0,63,9
S2375,9,6,5,4,3,1,0,5,4,2,2,0,44.4,0,0,0,54,6
S2194,2,2,0,2,0,0,1,1,2,1,1,0,100,50,0,0,10,5
S2916,8,6,5,3,3,1,1,3,3,1,2,0,37.5,12.5,0,0,56,7
S2439,7,6,4,3,2,2,3,0,4,2,2,0,57.1,42.9,0,0,57,8.1
S2706,4,3,1,3,2,0,0,2,2,2,0,0,50,0,0,0,37,9.2
S2972,4,3,3,1,1,2,1,0,2,2,0,0,50,25,0,0,32,8
S2762,7,5,7,0,3,4,0,0,0,0,0,0,0,0,0,0,52,7.4
S2583,7,5,4,3,3,1,3,0,2,1,1,0,28.6,42.9,0,0,42,6
S3068,6,4,3,3,1,3,0,2,2,2,0,0,33.3,0,0,0,52,8.7
S2311,3,2,1,2,1,1,1,0,2,1,1,0,66.7,33.3,0,0,31,10.3
S3167,3,3,1,2,1,1,1,0,2,1,1,0,66.7,33.3,0,0,14,4.7
S2552,6,4,3,3,2,3,1,0,3,1,2,0,50,16.7,0,0,38,6.3
S2121,4,3,2,2,2,1,1,0,2,2,0,0,50,25,0,0,39,9.8
S2145,3,3,1,2,1,1,1,0,2,0,2,0,66.7,33.3,0,0,32,10.7
S2536,4,4,3,1,0,2,1,1,2,2,0,0,50,25,0,0,32,8
S3103,4,3,3,1,2,0,2,0,1,1,0,0,25,50,0,0,36,9
S2609,4,4,3,1,1,2,1,0,1,1,0,0,25,25,0,0,20,5
S2819,6,4,6,0,3,1,0,2,2,2,0,0,33.3,0,0,0,52,8.7
S2394,6,6,2,4,1,2,1,2,3,2,1,0,50,16.7,0,0,52,8.7
S2175,4,4,1,3,2,0,2,0,2,1,1,0,50,50,0,0,32,8
S2829,10,8,7,3,3,2,3,2,5,2,1,2,50,30,0,0,59,5.9
S3133,6,6,5,1,2,3,1,0,2,2,0,0,33.3,16.7,0,0,57,9.5
S2506,4,3,3,1,0,1,1,2,0,0,0,0,0,25,0,0,29,7.2
S2639,4,4,2,2,1,2,1,0,0,0,0,0,0,25,0,0,30,7.5
S2993,7,6,4,3,2,2,0,3,2,2,0,0,28.6,0,0,0,57,8.1
S2783,5,3,2,3,3,1,1,0,1,0,1,0,20,20,0,0,51,10.2
S3157,10,8,4,6,2,5,1,2,2,2,0,0,20,10,0,0,85,8.5
S3089,9,6,3,6,4,2,0,3,4,1,2,1,44.4,0,0,0,96,10.7
S2562,4,3,2,2,1,1,1,1,0,0,0,0,0,25,0,0,19,4.8
S2111,11,8,4,7,5,2,2,2,6,3,1,2,54.5,18.2,0,0,82,7.5
S2752,4,3,4,0,2,1,0,1,1,1,0,0,25,0,0,0,12,3
S3186,4,3,1,3,2,2,0,0,2,0,2,0,50,0,0,0,40,10
S3058,2,2,1,1,1,0,1,0,0,0,0,0,0,50,0,0,16,8
S2942,7,7,6,1,2,4,0,1,6,2,2,2,85.7,0,0,0,42,6
S2321,3,3,2,1,1,2,0,0,1,1,0,0,33.3,0,0,0,31,10.3
S2345,3,3,1,2,0,2,0,1,2,2,0,0,66.7,0,0,0,24,8
S2409,4,3,3,1,2,2,0,0,2,2,0,0,50,0,0,0,30,7.5
S2736,1,1,1,0,1,0,0,0,0,0,0,0,0,0,0,0,2,2
S2926,5,4,2,3,2,1,1,1,2,1,1,0,40,20,0,0,39,7.8
S2896,10,9,3,7,4,5,0,1,1,1,0,0,10,0,0,0.1,91,9.1
S2948,9,5,3,6,2,4,2,1,1,0,1,0,11.1,22.2,0,0,61,6.8
S3052,2,2,0,2,1,0,0,1,1,1,0,0,50,0,0,0,21,10.5
S2467,5,5,2,3,1,2,0,2,1,1,0,0,20,0,0,0,37,7.4
S2686,7,6,3,4,5,1,1,0,2,1,1,0,28.6,14.3,0,0,69,9.9
S2758,6,5,2,4,2,2,1,1,2,2,0,0,33.3,16.7,0,0,37,6.2
S2014,6,5,2,4,3,1,0,2,2,0,2,0,33.3,0,0,0,47,7.8
S2070,6,6,3,3,4,1,1,0,3,0,1,2,50,16.7,0,0,45,7.5
S2291,4,4,1,3,0,2,2,0,0,0,0,0,0,50,0,0,22,5.5
S3036,8,6,4,4,5,2,0,1,3,0,1,2,37.5,0,0,0,75,9.4
S2403,6,4,2,4,2,3,0,1,3,0,2,1,50,0,0,0,57,9.5
S2240,4,3,2,2,2,1,0,1,1,1,0,0,25,0,0,0,21,5.2
S2633,6,6,1,5,2,1,1,2,3,0,1,2,50,16.7,0,0,49,8.2
S3139,5,5,4,1,1,0,0,4,2,1,1,0,40,0,0,0,27,5.4
S2823,9,7,8,1,2,2,2,3,5,3,1,1,55.6,22.2,0,0,73,8.1
S3083,10,7,7,3,4,2,2,2,4,3,1,0,40,20,0,0,95,9.5
S2568,4,2,2,2,2,0,1,1,2,1,1,0,50,25,0,0,43,10.8
S2789,6,5,6,0,2,1,2,1,1,1,0,0,16.7,33.3,0,0,58,9.7
S2657,6,6,3,3,2,2,2,0,4,2,0,2,66.7,33.3,0,0,63,10.5
S2847,5,4,3,2,2,0,1,2,3,0,1,2,60,20,0,0,36,7.2
S2999,8,7,6,2,3,2,2,1,1,0,1,0,12.5,25,0,0,51,6.4
S2224,1,1,1,0,0,1,0,0,0,0,0,0,0,0,0,0,11,11
S2396,9,6,7,2,7,1,1,0,2,1,0,1,22.2,11.1,0,0,83,9.2
S2248,8,6,3,5,3,3,0,2,4,1,3,0,50,0,0,0,52,6.5
S2177,7,6,3,4,2,5,0,0,1,0,1,0,14.3,0,0,0,70,10
S2504,2,2,2,0,1,0,0,1,0,0,0,0,0,0,0,0,13,6.5
S3131,5,4,3,2,2,0,1,2,2,1,0,1,40,20,0,0,45,9
S2991,7,5,6,1,4,1,1,1,0,0,0,0,0,14.3,0,0,66,9.4
S2781,4,4,4,0,2,0,2,0,1,1,0,0,25,50,0,0,28,7
S3155,5,3,3,2,2,2,0,1,0,0,0,0,0,0,0,0,52,10.4
S2560,8,6,3,5,1,3,3,1,3,2,1,0,37.5,37.5,0,0,48,6
S2113,6,5,5,1,2,2,1,1,2,1,1,0,33.3,16.7,0,0,57,9.5
S2750,4,4,1,3,0,1,2,1,0,0,0,0,0,50,0,0,20,5
S3184,10,8,2,8,5,4,0,1,4,3,1,0,40,0,0,0,96,9.6
S2940,3,3,3,0,0,1,2,0,1,1,0,0,33.3,66.7,0,0,26,8.7
S2323,4,4,2,2,2,1,1,0,1,1,0,0,25,25,0,0,19,4.8
S2347,9,6,4,5,3,4,0,2,2,2,0,0,22.2,0,0,0,72,8
S2299,6,6,5,1,2,4,0,0,2,1,1,0,33.3,0,0,0,43,7.2
S2078,12,9,6,6,2,4,4,2,5,2,2,1,41.7,33.3,0,0,102,8.5
S2734,5,5,2,3,2,1,2,0,1,1,0,0,20,40,0,0,25,5
S2924,11,7,4,7,4,4,3,0,5,1,3,1,45.5,27.3,0,0,89,8.1
S2894,5,3,4,1,3,0,0,2,1,1,0,0,20,0,0,0,50,10
S3050,8,5,3,5,3,4,0,1,5,1,3,1,62.5,0,0,0,41,5.1
S2465,10,9,5,5,4,4,2,0,4,3,1,0,40,20,0,0,69,6.9
S2684,7,6,5,2,2,3,1,1,4,1,3,0,57.1,14.3,0,0,68,9.7
S2329,8,5,5,3,5,1,0,2,1,1,0,0,12.5,0,0,0,57,7.1
S2016,8,8,2,6,1,1,6,0,3,1,2,0,37.5,75,0,0,43,5.4
S2072,4,4,3,1,1,3,0,0,1,1,0,0,25,0,0,0,38,9.5
S2293,9,6,6,3,2,3,1,3,4,3,1,0,44.4,11.1,0,0,64,7.1
S2401,4,3,0,4,2,1,1,0,1,1,0,0,25,25,0,0,26,6.5
S2242,3,3,1,2,1,2,0,0,0,0,0,0,0,0,0,0,16,5.3
S2631,7,6,2,5,3,0,3,1,5,5,0,0,71.4,42.9,0,0,71,10.1
S2821,7,7,2,5,3,3,0,1,4,1,3,0,57.1,0,0,0,42,6
S3081,6,5,4,2,3,2,1,0,1,0,1,0,16.7,16.7,0,0,48,8
S2655,3,3,2,1,0,1,1,1,2,1,1,0,66.7,33.3,0,0,27,9
S2845,8,8,4,4,2,3,2,1,3,0,2,1,37.5,25,0,0,51,6.4
S2226,5,5,2,3,2,1,2,0,2,2,0,0,40,40,0,0,42,8.4
S2119,5,5,3,2,1,3,0,1,3,2,1,0,60,0,0,0,51,10.2
S2875,6,6,4,2,4,1,0,1,2,2,0,0,33.3,0,0,0,47,7.8
S2665,6,5,5,1,4,0,2,0,4,2,1,1,66.7,33.3,0,0,45,7.5
S2216,10,7,2,8,5,2,2,1,2,1,1,0,20,20,0,0,64,6.4
S2129,3,3,3,0,2,0,0,1,1,0,1,0,33.3,0,0,0,26,8.7
S2272,6,6,4,2,3,1,1,1,1,1,0,0,16.7,16.7,0,0,43,7.2
S2811,3,3,1,2,2,1,0,0,0,0,0,0,0,0,0,0,32,10.7
S2601,4,4,1,3,1,1,1,1,3,1,1,1,75,25,0,0,40,10
S2042,3,3,3,0,3,0,0,0,2,1,1,0,66.7,0,0,0,34,11.3
S3004,7,6,4,3,3,3,1,0,3,2,1,0,42.9,14.3,0,0,72,10.3
S2431,6,6,4,2,4,0,1,1,3,1,2,0,50,16.7,0,0,38,6.3
S3060,3,3,3,0,2,0,1,0,1,1,0,0,33.3,33.3,0,0,26,8.7
S2455,4,4,3,1,1,2,0,1,3,1,0,2,75,0,0,0,46,11.5
S2319,4,4,1,3,1,1,0,2,1,1,0,0,25,0,0,0,25,6.2
S2026,6,6,4,2,1,3,1,1,2,1,1,0,33.3,16.7,0,0,30,5
S2377,6,5,4,2,2,2,1,1,3,3,0,0,50,16.7,0,0,44,7.3
S2048,5,4,3,2,3,1,1,0,2,1,1,0,40,20,0,0,50,10
S2196,3,3,3,0,3,0,0,0,1,1,0,0,33.3,0,0,0,17,5.7
S2914,6,6,5,1,2,2,1,1,3,2,1,0,50,16.7,0,0,33,5.5
S2704,7,6,2,5,2,2,3,0,3,3,0,0,42.9,42.9,0,0,60,8.6
S2970,2,2,1,1,0,1,1,0,0,0,0,0,0,50,0,0,8,4
S2760,7,6,2,5,4,1,1,1,4,2,2,0,57.1,14.3,0,0,58,8.3
S2581,3,3,2,1,0,2,0,1,1,1,0,0,33.3,0,0,0,19,6.3
S2313,3,3,2,1,2,0,0,1,0,0,0,0,0,0,0,0,27,9
S2550,2,2,2,0,1,1,0,0,0,0,0,0,0,0,0,0,20,10
S3165,8,5,4,4,5,1,1,1,4,4,0,0,50,12.5,0,0,61,7.6
S2123,3,3,1,2,0,2,1,0,1,0,1,0,33.3,33.3,0,0,31,10.3
S2278,8,6,6,2,2,1,2,3,3,2,1,0,37.5,25,0,0,67,8.4
S2147,4,4,1,3,0,0,2,2,3,1,2,0,75,50,0,0,25,6.2
S2099,5,3,3,2,1,1,1,2,3,3,0,0,60,20,0,0,45,9
S2534,5,4,3,2,1,2,1,1,2,1,1,0,40,20,0,0,37,7.4
S3101,9,6,1,8,4,2,0,3,3,0,2,1,33.3,0,0,0,76,8.4
S2143,4,4,4,0,3,0,0,1,1,0,1,0,25,0,0,0,34,8.5
S2530,12,10,6,6,2,6,1,3,3,2,1,0,25,8.3,0,0,79,6.6
S3105,6,6,5,1,2,1,1,2,2,1,0,1,33.3,16.7,0,0,26,4.3
S3161,7,5,2,5,3,2,2,0,4,2,1,1,57.1,28.6,0,0,50,7.1
S2554,4,3,3,1,1,2,1,0,2,2,0,0,50,25,0,0,37,9.2
S2218,4,4,1,3,0,3,0,1,1,0,1,0,25,0,0,0,35,8.8
S2127,3,3,2,1,1,0,0,2,1,1,0,0,33.3,0,0,0,32,10.7
S2974,6,5,3,3,3,2,0,1,4,1,2,1,66.7,0,0,0,48,8
S2585,6,6,5,1,2,0,2,2,2,1,0,1,33.3,33.3,0,0,40,6.7
S2764,6,5,5,1,2,0,2,2,2,2,0,0,33.3,33.3,0,0,71,11.8
S2317,6,6,4,2,3,2,0,1,2,0,1,1,33.3,0,0,0,53,8.8
S2028,8,5,6,2,5,1,1,1,4,4,0,0,50,12.5,0,0,71,8.9
S2192,5,5,3,2,1,2,1,1,2,0,1,1,40,20,0,0,40,8
S2373,5,5,3,2,1,1,2,1,2,2,0,0,40,40,0,0,38,7.6
S2910,5,4,3,2,0,2,1,2,2,1,0,1,40,20,0,0,40,8
S2700,5,5,4,1,4,1,0,0,0,0,0,0,0,0,0,0,43,8.6
S2451,3,3,2,1,1,1,1,0,1,0,0,1,33.3,33.3,0,0,26,8.7
S3064,2,2,1,1,0,1,1,0,1,0,1,0,50,50,0,0,19,9.5
S2022,6,6,5,1,1,3,1,1,1,1,0,0,16.7,16.7,0,0,58,9.7
S2379,5,4,1,4,2,3,0,0,0,0,0,0,0,0,0,0,33,6.6
S2046,6,5,3,3,2,0,2,2,3,1,0,2,50,33.3,0,0,51,8.5
S2198,5,4,5,0,1,3,0,1,1,0,1,0,20,0,0,0,48,9.6
S2435,3,3,2,1,0,3,0,0,2,1,1,0,66.7,0,0,0,23,7.7
S3000,6,6,2,4,1,2,1,2,4,4,0,0,66.7,16.7,0,0,34,5.7
S2276,4,4,3,1,2,2,0,0,1,0,1,0,25,0,0,0,31,7.8
S2149,5,5,1,4,2,3,0,0,1,1,0,0,20,0,0,0,37,7.4
S2815,7,6,6,1,4,2,0,1,2,1,1,0,28.6,0,0,0,46,6.6
S2097,4,3,0,4,1,2,0,1,2,1,1,0,50,0,0,0,45,11.2
S2605,7,6,3,4,4,2,1,0,3,3,0,0,42.9,14.3,0,0,53,7.6
S2871,6,6,1,5,3,3,0,0,2,2,0,0,33.3,0,0,0,37,6.2
S2661,4,3,3,1,1,1,1,1,1,0,1,0,25,25,0,0,33,8.2
S2480,3,3,3,0,2,0,1,0,3,2,1,0,100,33.3,0,0,29,9.7
S2212,7,5,3,4,0,2,2,3,2,2,0,0,28.6,28.6,0,0,38,5.4
S2651,4,4,3,1,1,0,1,2,1,1,0,0,25,25,0,0,29,7.2
S3085,6,5,4,2,2,1,1,2,2,0,1,1,33.3,16.7,0,0,49,8.2
S2841,6,5,2,4,3,2,1,0,1,0,0,1,16.7,16.7,0,0,45,7.5
S2222,5,5,2,3,2,2,0,1,1,1,0,0,20,0,0,0,44,8.8
S2246,5,5,3,2,2,2,1,0,1,1,0,0,20,20,0,0,36,7.2
S2398,13,9,8,5,3,5,4,1,6,3,3,0,46.2,30.8,0,0,94,7.2
S2179,7,6,5,2,0,2,3,2,3,3,0,0,42.9,42.9,0,0,52,7.4
S2635,2,2,2,0,1,0,0,1,1,0,1,0,50,0,0,0,14,7
S2825,8,5,3,5,2,3,2,1,2,2,0,0,25,25,0,0,58,7.2
S2349,6,4,4,2,2,3,0,1,1,1,0,0,16.7,0,0,0,44,7.3
S2297,2,2,1,1,1,0,0,1,1,1,0,0,50,0,0,0,14,7
S2076,6,4,5,1,3,0,1,2,2,2,0,0,33.3,16.7,0,0,61,10.2
S2405,4,4,3,1,3,0,1,0,3,2,1,0,75,25,0,0,22,5.5
S3030,1,1,1,0,1,0,0,0,1,0,1,0,100,0,0,0,7,7
S2890,6,3,4,2,3,1,1,1,4,3,1,0,66.7,16.7,0,0,43,7.2
S2680,3,2,2,1,1,2,0,0,2,0,2,0,66.7,0,0,0,32,10.7
S2461,7,6,3,4,4,1,2,0,3,2,1,0,42.9,28.6,0,0,61,8.7
S3054,6,6,5,1,1,0,5,0,2,1,1,0,33.3,83.3,0,0,42,7
S2012,8,5,3,5,5,1,1,1,4,4,0,0,50,12.5,0,0,58,7.2
S2343,7,6,4,3,0,4,1,2,3,1,0,2,42.9,14.3,0,0,54,7.7
S2730,8,6,4,4,1,1,1,5,2,2,0,0,25,12.5,0,0,63,7.9
S2920,4,4,2,2,3,0,0,1,1,0,1,0,25,0,0,0,28,7
S3180,4,2,2,2,3,1,0,0,1,0,1,0,25,0,0,0,18,4.5
S2754,9,6,4,5,5,1,2,1,4,1,2,1,44.4,22.2,0,0,83,9.2
S2944,5,5,3,2,3,2,0,0,0,0,0,0,0,0,0,0,44,8.8
S2327,4,4,3,1,2,1,1,0,1,0,1,0,25,25,0,0,35,8.8
S2018,5,5,2,3,3,1,1,0,3,1,1,1,60,20,0,0,34,6.8
S2995,3,2,1,2,1,1,1,0,1,1,0,0,33.3,33.3,0,0,15,5
S3151,6,6,4,2,2,2,1,1,2,1,1,0,33.3,16.7,0,0,48,8
S2564,7,7,3,4,0,2,3,2,1,0,0,1,14.3,42.9,0,0,57,8.1
S2785,9,8,5,4,4,4,0,1,2,1,1,0,22.2,0,0,0,68,7.6
S2228,3,3,1,2,1,0,1,1,0,0,0,0,0,33.3,0,0,30,10
S2117,5,4,2,3,1,2,2,0,2,1,1,0,40,40,0,0,40,8
S2173,2,2,1,1,1,1,0,0,0,0,0,0,0,0,0,0,10,5
S2392,6,6,4,2,3,0,2,1,2,1,1,0,33.3,33.3,0,0,33,5.5
S2500,4,4,2,2,1,2,0,1,2,2,0,0,50,0,0,0,32,8
S3135,9,7,4,5,2,4,2,1,5,2,2,1,55.6,22.2,0,0,82,9.1
S2080,4,4,1,3,1,1,1,1,1,1,0,0,25,25,0,0,20,5
S2261,4,4,1,3,0,3,0,1,3,2,1,0,75,0,0,0,31,7.8
S2612,3,3,2,1,0,1,2,0,3,3,0,0,100,66.7,0,0,34,11.3
S3118,3,3,2,1,1,2,0,0,3,2,0,1,100,0,0,0,29,9.7
S2802,4,4,4,0,3,1,0,0,1,0,1,0,25,0,0,0,29,7.2
S2549,7,6,3,4,4,1,1,1,5,2,1,2,71.4,14.3,0,0,44,6.3
S2497,8,8,1,7,2,4,0,2,3,0,3,0,37.5,0,0,0,50,6.2
S2676,5,4,1,4,1,3,0,1,2,1,0,1,40,0,0,0,46,9.2
S2866,3,3,2,1,2,1,0,0,1,1,0,0,33.3,0,0,0,16,5.3
S2205,6,4,3,3,1,3,0,2,4,2,0,2,66.7,0,0,0,47,7.8
S2969,3,3,2,1,1,0,2,0,1,1,0,0,33.3,66.7,0,0,18,6
S2598,7,6,1,6,3,2,1,1,4,3,1,0,57.1,14.3,0,0,56,8
S2446,6,6,5,1,4,0,1,1,2,2,0,0,33.3,16.7,0,0,50,8.3
S2779,6,5,4,2,1,1,1,3,3,1,2,0,50,16.7,0,0,33,5.5
S3073,4,4,2,2,0,3,0,1,1,1,0,0,25,0,0,0,33,8.2
S2035,4,4,2,2,1,2,1,0,3,0,2,1,75,25,0,0,41,10.2
S2051,6,5,2,4,1,3,2,0,1,0,0,1,16.7,33.3,0,0,48,8
S3017,7,5,3,4,5,2,0,0,5,5,0,0,71.4,0,0,0,54,7.7
S2422,9,6,4,5,3,4,2,0,4,3,1,0,44.4,22.2,0,0,63,7
S2773,6,6,2,4,1,2,3,0,2,0,2,0,33.3,50,0,0,50,8.3
S2592,5,5,4,1,2,0,2,1,1,0,1,0,20,40,0,0,35,7
S3079,3,3,2,1,2,1,0,0,2,2,0,0,66.7,0,0,0,14,4.7
S2963,3,3,1,2,1,0,0,2,0,0,0,0,0,0,0,0,20,6.7
S2300,8,7,6,2,3,4,0,1,4,3,1,0,50,0,0,0,45,5.6
S2364,4,4,3,1,2,2,0,0,3,1,1,1,75,0,0,0,30,7.5
S2185,9,7,5,4,2,4,2,1,3,2,0,1,33.3,22.2,0,0,85,9.4
S2428,2,2,2,0,1,0,0,1,2,1,1,0,100,0,0,0,20,10
S2717,8,6,3,5,3,2,1,2,4,1,1,2,50,12.5,0,0,62,7.8
S2907,2,2,1,1,0,1,1,0,1,0,1,0,50,50,0,0,18,9
S2154,4,4,2,2,3,1,0,0,1,1,0,0,25,0,0,0,41,10.2
S2808,4,3,1,3,3,1,0,0,3,2,1,0,75,0,0,0,30,7.5
S3112,9,7,6,3,2,2,1,4,6,3,3,0,66.7,11.1,0,0,56,6.2
S2527,8,7,3,5,4,4,0,0,4,2,1,1,50,0,0,0,64,8
S2618,5,5,2,3,4,1,0,0,2,0,2,0,40,0,0,0,40,8
S2543,5,5,4,1,2,1,1,1,2,0,2,0,40,20,0,0,28,5.6
S3176,5,5,2,3,3,1,0,1,3,1,2,0,60,0,0,0,36,7.2
S2130,6,5,5,1,1,2,2,1,2,1,1,0,33.3,33.3,0,0,40,6.7
S2792,5,3,1,4,1,2,1,1,4,1,2,1,80,20,0,0,46,9.2
S3098,2,2,1,1,0,1,0,1,0,0,0,0,0,0,0,0,14,7
S2573,1,1,1,0,1,0,0,0,1,1,0,0,100,0,0,0,12,12
S3146,5,4,4,1,1,2,2,0,2,1,1,0,40,40,0,0,40,8
S2982,9,7,4,5,3,5,1,0,4,2,2,0,44.4,11.1,0,0,77,8.6
S2100,2,2,2,0,1,0,1,0,1,1,0,0,50,50,0,0,14,7
S2385,4,4,1,3,2,0,1,1,4,1,3,0,100,25,0,0,39,9.8
S2164,8,6,3,5,2,2,3,1,4,2,2,0,50,37.5,0,0,80,10
S2517,12,10,10,2,6,3,2,1,4,3,0,1,33.3,16.7,0,0,101,8.4
S3122,2,2,1,1,1,1,0,0,1,1,0,0,50,0,0,0,8,4
S2628,2,2,1,1,0,2,0,0,2,1,1,0,100,0,0,0,6,3
S2838,8,7,5,3,5,1,0,2,2,2,0,0,25,0,0,0,69,8.6
S2354,8,7,4,4,1,4,2,1,2,1,1,0,25,25,0,0,63,7.9
S2937,6,6,3,3,1,4,1,0,3,3,0,0,50,16.7,0,0,63,10.5
S2418,5,4,1,4,1,1,1,2,1,1,0,0,20,20,0,0,46,9.2
S2727,5,5,2,3,3,0,2,0,2,2,0,0,40,40,0,0,44,8.8
S2953,10,7,4,6,5,3,2,0,4,2,1,1,40,20,0,0,89,8.9
S2743,7,6,5,2,3,1,2,1,2,0,2,0,28.6,28.6,0,0,57,8.1
S3049,8,5,3,5,0,3,3,2,3,1,1,1,37.5,37.5,0,0,66,8.2
S3197,6,6,2,4,2,2,1,1,3,1,2,0,50,16.7,0,0,41,6.8
S2330,6,6,2,4,3,2,1,0,4,4,0,0,66.7,16.7,0,0,55,9.2
S2061,7,5,4,3,4,2,0,1,2,1,0,1,28.6,0,0,0,35,5
S2280,2,2,1,1,2,0,0,0,1,0,1,0,50,0,0,0,23,11.5
S2412,4,4,1,3,2,1,0,1,1,0,1,0,25,0,0,0,38,9.5
S3027,2,2,1,1,0,1,1,0,1,1,0,0,50,50,0,0,14,7
S3043,7,6,4,3,1,3,2,1,3,2,1,0,42.9,28.6,0,0,51,7.3
S2476,3,3,3,0,1,0,1,1,0,0,0,0,0,33.3,0,0,24,8
S2697,9,5,6,3,3,4,0,2,4,0,3,1,44.4,0,0,0.11,84,9.3
S2959,7,4,3,4,4,0,2,1,4,2,2,0,57.1,28.6,0,0,56,8
S2749,4,3,4,0,3,0,1,0,0,0,0,0,0,25,0,0,41,10.2
S2887,4,4,3,1,1,2,0,1,3,0,2,1,75,0,0,0,39,9.8
S2005,3,3,0,3,2,0,0,1,1,0,1,0,33.3,0,0,0,29,9.7
S2856,2,2,0,2,2,0,0,0,2,2,0,0,100,0,0,0,8,4
S2988,3,3,1,2,2,0,1,0,3,0,2,1,100,33.3,0,0,20,6.7
S2579,10,6,7,3,2,4,3,1,6,5,0,1,60,30,0,0,89,8.9
S3092,6,5,6,0,1,3,0,2,3,1,2,0,50,0,0,0,54,9
S2646,5,5,1,4,3,1,0,1,1,1,0,0,20,0,0,0,38,7.6
S2798,8,6,5,3,5,2,0,1,4,2,2,0,50,0,0,0,75,9.4
S2235,5,4,2,3,1,0,2,2,2,2,0,0,40,40,0,0,33,6.6
S2251,2,2,2,0,2,0,0,0,2,1,0,1,100,0,0,0,13,6.5
S2832,5,4,3,2,3,2,0,0,3,1,0,2,60,0,0,0,55,11
S2622,9,7,4,5,4,3,0,2,5,2,3,0,55.6,0,0,0,77,8.6
S3128,4,4,1,3,0,4,0,0,1,0,1,0,25,0,0,0,28,7
S2255,3,3,2,1,2,1,0,0,1,0,1,0,33.3,0,0,0,39,13
S2836,7,5,2,5,1,5,1,0,2,1,1,0,28.6,14.3,0,0,40,5.7
S2519,7,6,6,1,2,2,2,1,4,3,1,0,57.1,28.6,0,0,61,8.7
S2626,10,6,4,6,4,3,2,1,4,1,3,0,40,20,0,0,91,9.1
S2852,4,3,2,2,2,1,1,0,1,0,1,0,25,25,0,0,27,6.8
S2642,4,4,2,2,2,1,0,1,2,1,1,0,50,0,0,0,22,5.5
S3148,3,3,1,2,3,0,0,0,0,0,0,0,0,0,0,0,38,12.7
S3096,9,5,6,3,5,2,2,0,3,1,1,1,33.3,22.2,0,0,65,7.2
S2231,5,4,3,2,3,0,2,0,2,1,1,0,40,40,0,0,40,8
S2693,8,6,6,2,5,0,0,3,5,3,1,1,62.5,0,0,0,54,6.8
S3047,6,6,3,3,2,3,1,0,1,0,0,1,16.7,16.7,0,0,32,5.3
S3199,10,9,9,1,4,3,0,3,2,2,0,0,20,0,0,0,65,6.5
S2472,5,4,2,3,1,2,2,0,3,1,2,0,60,40,0,0,40,8
S2883,5,5,4,1,0,1,1,3,1,1,0,0,20,20,0,0,48,9.6
S2001,3,3,2,1,1,1,1,0,0,0,0,0,0,33.3,0,0,22,7.3
S2284,5,4,2,3,2,1,1,1,1,1,0,0,20,20,0,0,59,11.8
S2065,6,5,5,1,2,3,0,1,1,1,0,0,16.7,0,0,0,61,10.2
S2416,3,3,2,1,1,1,0,1,1,1,0,0,33.3,0,0,0,18,6
S3023,5,4,2,3,0,4,0,1,3,2,1,0,60,0,0,0,36,7.2
S2729,5,5,3,2,2,1,1,1,4,4,0,0,80,20,0,0,48,9.6
S2939,3,3,3,0,2,0,1,0,1,1,0,0,33.3,33.3,0,0,22,7.3
S2889,3,3,2,1,2,1,0,0,1,0,1,0,33.3,0,0,0,35,11.7
S2957,5,5,2,3,2,1,2,0,1,1,0,0,20,40,0,0,45,9
S2478,3,3,0,3,2,1,0,0,2,2,0,0,66.7,0,0,0,22,7.3
S3193,4,4,2,2,1,2,1,0,2,1,0,1,50,25,0,0,42,10.5
S2747,6,4,3,3,2,2,1,1,5,2,2,1,83.3,16.7,0,0,41,6.8
S2699,2,2,2,0,0,0,0,2,2,1,1,0,100,0,0,0,16,8
S2334,5,5,4,1,1,1,0,3,2,1,0,1,40,0,0,0,33,6.6
S2350,7,6,3,4,3,1,1,2,3,1,2,0,42.9,14.3,0,0,38,5.4
S2933,6,6,4,2,0,1,2,3,4,1,3,0,66.7,33.3,0,0,25,4.2
S2723,7,5,4,3,4,1,1,1,3,0,2,1,42.9,14.3,0,0,71,10.1
S3029,8,6,5,3,2,1,2,3,3,1,2,0,37.5,25,0,0,83,10.4
S2160,7,5,3,4,3,4,0,0,4,2,1,1,57.1,0,0,0,69,9.9
S2381,7,6,5,2,0,5,1,1,2,1,1,0,28.6,14.3,0,0,43,6.1
S3126,13,7,8,5,8,0,0,5,6,0,5,1,46.2,0,0,0,96,7.4
S2513,3,3,1,2,2,1,0,0,1,1,0,0,33.3,0,0,0,24,8
S3142,8,8,5,3,4,3,1,0,3,2,1,0,37.5,12.5,0,0,72,9
S2577,3,3,1,2,1,0,1,1,2,0,2,0,66.7,33.3,0,0,28,9.3
S2648,11,7,5,6,4,3,1,3,5,3,1,1,45.5,9.1,0,0,97,8.8
S2796,7,6,3,4,3,2,1,1,4,1,3,0,57.1,14.3,0,0,46,6.6
S2986,10,8,6,4,2,4,1,3,3,2,1,0,30,10,0,0,86,8.6
S2858,9,5,4,5,6,2,1,0,4,2,2,0,44.4,11.1,0,0,63,7
S2104,5,5,4,1,2,3,0,0,2,1,0,1,40,0,0,0,39,7.8
S2868,9,5,4,5,4,2,1,2,2,1,0,1,22.2,11.1,0,0,79,8.8
S2547,4,4,2,2,1,0,2,1,0,0,0,0,0,50,0,0,33,8.2
S3172,9,7,4,5,5,4,0,0,3,1,2,0,33.3,0,0,0,77,8.6
S2678,4,4,2,2,2,1,1,0,3,2,1,0,75,25,0,0,32,8
S2499,4,4,3,1,1,1,1,1,2,2,0,0,50,25,0,0,37,9.2
S2134,4,4,2,2,1,0,2,1,2,0,1,1,50,50,0,0,43,10.8
S2150,3,2,1,2,2,0,1,0,0,0,0,0,0,33.3,0,0,15,5
S2523,3,3,2,1,0,1,2,0,3,1,1,1,100,66.7,0,0,34,11.3
S3116,5,5,4,1,2,3,0,0,2,1,1,0,40,0,0,0,47,9.4
S2181,3,2,1,2,2,1,0,0,1,1,0,0,33.3,0,0,0,29,9.7
S2360,5,4,2,3,2,2,1,0,2,2,0,0,40,20,0,0,45,9
S2713,1,1,0,1,1,0,0,0,0,0,0,0,0,0,0,0,4,4
S3019,4,4,3,1,1,1,2,0,1,1,0,0,25,50,0,0,36,9
S2903,8,7,5,3,3,4,0,1,0,0,0,0,0,0,0,0,63,7.9
S2596,3,2,0,3,1,0,1,1,2,1,1,0,66.7,33.3,0,0,26,8.7
S2448,3,3,3,0,1,1,0,1,2,0,2,0,66.7,0,0,0,26,8.7
S2777,4,4,3,1,1,2,1,0,1,1,0,0,25,25,0,0,33,8.2
S2967,7,5,4,3,3,1,1,2,2,1,1,0,28.6,14.3,0,0,49,7
S2304,4,4,1,3,2,2,0,0,0,0,0,0,0,0,0,0,21,5.2
S2055,4,3,3,1,1,1,1,1,1,1,0,0,25,25,0,0,23,5.8
S2909,7,6,6,1,3,0,1,3,2,0,0,2,28.6,14.3,0,0,66,9.4
S3013,7,5,4,3,1,5,0,1,2,1,0,1,28.6,0,0,0,51,7.3
S2426,7,4,4,3,2,2,2,1,3,3,0,0,42.9,28.6,0,0,53,7.6
S2719,3,3,2,1,2,1,0,0,0,0,0,0,0,0,0,0,20,6.7
S3077,2,2,0,2,1,1,0,0,1,0,1,0,50,0,0,0,24,12
S2442,5,5,3,2,2,2,1,0,1,1,0,0,20,20,0,0,49,9.8
S2031,8,5,4,4,1,3,1,3,3,2,1,0,37.5,12.5,0,0,65,8.1
S2672,4,2,3,1,0,1,2,1,0,0,0,0,0,50,0,0,29,7.2
S3178,7,6,3,4,2,3,1,1,5,2,2,1,71.4,14.3,0,0,63,9
S2493,4,4,2,2,3,1,0,0,2,0,2,0,50,0,0,0,34,8.5
S2862,4,4,3,1,1,1,0,2,2,2,0,0,50,0,0,0,28,7
S2201,9,5,3,6,3,1,2,3,3,2,1,0,33.3,22.2,0,0,56,6.2
S2265,2,2,2,0,0,1,1,0,0,0,0,0,0,50,0,0,20,10
S2084,8,6,4,4,0,5,1,2,3,1,1,1,37.5,12.5,0,0,59,7.4
S2529,4,3,2,2,1,2,0,1,2,0,2,0,50,0,0,0,27,6.8
S2616,4,3,2,2,2,1,0,1,1,1,0,0,25,0,0,0,24,6
S2806,6,6,2,4,1,2,2,1,4,2,1,1,66.7,33.3,0,0,47,7.8
S3170,3,3,3,0,1,1,1,0,2,1,0,1,66.7,33.3,0,0,16,5.3
S2545,5,4,2,3,2,2,0,1,2,2,0,0,40,0,0,0,44,8.8
S2209,3,3,2,1,1,0,0,2,0,0,0,0,0,0,0,0,28,9.3
S2136,3,3,1,2,0,0,1,2,2,2,0,0,66.7,33.3,0,0,27,9
S2152,3,3,2,1,3,0,0,0,1,1,0,0,33.3,0,0,0,29,9.7
S2521,11,7,8,3,6,4,1,0,5,2,3,0,45.5,9.1,0,0,96,8.7
S3114,5,3,4,1,2,1,2,0,2,2,0,0,40,40,0,0,53,10.6
S2183,6,5,3,3,2,1,2,1,0,0,0,0,0,33.3,0,0,26,4.3
S2362,4,3,2,2,3,0,0,1,2,1,1,0,50,0,0,0,10,2.5
S2711,3,2,3,0,2,1,0,0,1,0,0,1,33.3,0,0,0,17,5.7
S2901,3,3,2,1,0,1,1,1,1,0,0,1,33.3,33.3,0,0,19,6.3
S2594,5,2,3,2,2,2,0,1,3,0,3,0,60,0,0,0,45,9
S2775,7,7,6,1,4,1,2,0,3,1,2,0,42.9,28.6,0,0,59,8.4
S2965,4,3,3,1,2,0,1,1,1,1,0,0,25,25,0,0,34,8.5
S2306,8,6,6,2,2,2,2,2,1,1,0,0,12.5,25,0,0,63,7.9
S2039,5,4,3,2,2,2,1,0,0,0,0,0,0,20,0,0,35,7
S2368,8,6,3,5,1,3,0,4,4,2,2,0,50,0,0,0,53,6.6
S2057,5,3,2,3,2,2,1,0,4,3,0,1,80,20,0,0,43,8.6
S2189,2,2,2,0,0,1,1,0,0,0,0,0,0,50,0,0,12,6
S3011,5,5,2,3,3,1,1,0,2,2,0,0,40,20,0,0,47,9.4
S2424,2,2,1,1,1,1,0,0,1,1,0,0,50,0,0,0,22,11
S2440,9,6,2,7,2,2,2,3,1,1,0,0,11.1,22.2,0,0,73,8.1
S3075,8,6,3,5,4,2,2,0,2,1,0,1,25,25,0,0,71,8.9
S2033,8,6,6,2,3,1,3,1,3,2,1,0,37.5,37.5,0,0,74,9.2
S2670,5,4,4,1,1,1,1,2,2,0,1,1,40,20,0,0,38,7.6
S2491,5,5,3,2,2,1,0,2,4,2,2,0,80,0,0,0,27,5.4
S2860,5,3,4,1,1,2,1,1,2,2,0,0,40,20,0,0,23,4.6
S2203,5,4,2,3,0,4,0,1,2,0,2,0,40,0,0,0,50,10
S2267,2,2,2,0,1,1,0,0,1,0,1,0,50,0,0,0,4,2
S2158,5,4,1,4,1,2,2,0,1,0,1,0,20,40,0,0,38,7.6
S2086,7,6,4,3,1,3,2,1,5,2,3,0,71.4,28.6,0,0,51,7.3
S2614,6,5,2,4,1,2,0,3,2,2,0,0,33.3,0,0,0,54,9
S2804,5,4,2,3,1,3,1,0,5,4,0,1,100,20,0,0,33,6.6
S2389,5,5,2,3,2,3,0,0,4,1,3,0,80,0,0,0,44,8.8
S2257,5,4,4,1,2,2,1,0,1,1,0,0,20,20,0,0,37,7.4
S2168,6,6,0,6,0,2,0,4,1,0,1,0,16.7,0,0,0,50,8.3
S2834,8,6,6,2,2,2,2,2,1,1,0,0,12.5,25,0,0,57,7.1
S2624,6,5,5,1,1,1,1,3,3,1,1,1,50,16.7,0,0,45,7.5
S2850,7,5,2,5,2,2,1,2,3,1,2,0,42.9,14.3,0,0,50,7.1
S2640,4,4,2,2,2,0,0,2,3,3,0,0,75,0,0,0,39,9.8
S3094,7,6,5,2,3,2,0,2,3,1,2,0,42.9,0,0,0,62,8.9
S2233,8,7,4,4,3,3,1,1,3,0,2,1,37.5,12.5,0,0,77,9.6
S2691,7,5,3,4,3,2,2,0,5,2,2,1,71.4,28.6,0,0,41,5.9
S3045,3,3,1,2,1,1,1,0,1,0,0,1,33.3,33.3,0,0,19,6.3
S2470,3,3,3,0,2,1,0,0,0,0,0,0,0,0,0,0,34,11.3
S2881,2,2,1,1,0,0,1,1,1,1,0,0,50,50,0,0,9,4.5
S2003,4,3,2,2,0,2,1,1,1,1,0,0,25,25,0,0,31,7.8
S2358,4,2,2,2,3,0,1,0,2,0,2,0,50,25,0,0,29,7.2
S2286,4,3,3,1,4,0,0,0,1,0,1,0,25,0,0,0,37,9.2
S2067,5,4,3,2,1,2,2,0,3,2,1,0,60,40,0,0,31,6.2
S2414,6,5,1,5,2,2,1,1,0,0,0,0,0,16.7,0,0,47,7.8
S3021,4,3,3,1,4,0,0,0,1,0,0,1,25,0,0,0,39,9.8
S2955,6,5,4,2,2,1,1,2,3,1,2,0,50,16.7,0,0,44,7.3
S3191,8,6,4,4,6,2,0,0,3,1,1,1,37.5,0,0,0,62,7.8
S2745,6,5,5,1,2,3,0,1,3,1,2,0,50,0,0,0,38,6.3
S2336,1,1,0,1,1,0,0,0,0,0,0,0,0,0,0,0,5,5
S2009,5,5,2,3,1,3,1,0,1,1,0,0,20,20,0,0,32,6.4
S2352,3,3,2,1,2,0,0,1,0,0,0,0,0,0,0,0,27,9
S2931,6,6,3,3,1,4,0,1,5,4,1,0,83.3,0,0,0,44,7.3
S2721,7,7,3,4,2,3,0,2,2,1,1,0,28.6,0,0,0,55,7.9
S2162,3,3,2,1,1,0,1,1,0,0,0,0,0,33.3,0,0,21,7
S2383,1,1,1,0,1,0,0,0,0,0,0,0,0,0,0,0,5,5
S2511,9,8,4,5,3,4,1,1,3,0,3,0,33.3,11.1,0,0,57,6.3
S3124,2,2,1,1,2,0,0,0,1,1,0,0,50,0,0,0,10,5
S3140,6,4,4,2,2,1,0,3,3,2,1,0,50,0,0,0,58,9.7
S2575,5,5,3,2,3,2,0,0,1,0,1,0,20,0,0,0,41,8.2
S2794,4,4,1,3,1,1,2,0,0,0,0,0,0,50,0,0,47,11.8
S2984,7,5,6,1,0,3,3,1,0,0,0,0,0,42.9,0,0,61,8.7
S2239,6,6,3,3,3,1,1,1,2,2,0,0,33.3,16.7,0,0,48,8
S2106,9,7,7,2,4,2,2,1,3,3,0,0,33.3,22.2,0,0,67,7.4
S2790,4,3,0,4,1,1,0,2,2,1,1,0,50,0,0,0,42,10.5
S3144,8,6,6,2,4,2,2,0,4,1,3,0,50,25,0,0,67,8.4
S2571,2,2,0,2,2,0,0,0,0,0,0,0,0,0,0,0,16,8
S2980,1,1,1,0,1,0,0,0,0,0,0,0,0,0,0,0,6,6
S2102,3,3,2,1,1,2,0,0,1,0,1,0,33.3,0,0,0,27,9
S2259,7,5,2,5,2,2,3,0,2,0,2,0,28.6,42.9,0,0,53,7.6
S2387,3,2,1,2,0,3,0,0,0,0,0,0,0,0,0,0,28,9.3
S2166,3,3,2,1,1,1,1,0,1,0,0,1,33.3,33.3,0,0,25,8.3
S3120,6,6,4,2,5,1,0,0,2,2,0,0,33.3,0,0,0,63,10.5
S2515,10,8,2,8,6,2,1,1,4,1,1,2,40,10,0,0,78,7.8
S2288,4,4,2,2,0,2,2,0,3,1,1,1,75,50,0,0,38,9.5
S2356,6,6,5,1,2,3,0,1,3,0,2,1,50,0,0,0,45,7.5
S2069,3,3,2,1,1,1,0,1,0,0,0,0,0,0,0,0,34,11.3
S2935,5,5,1,4,4,0,1,0,1,1,0,0,20,20,0,0,49,9.8
S2725,7,5,6,1,2,1,0,4,3,3,0,0,42.9,0,0,0,67,9.6
S2951,5,5,2,3,2,1,0,2,4,3,1,0,80,0,0,0,34,6.8
S2741,4,3,2,2,2,0,2,0,2,2,0,0,50,50,0,0,17,4.2
S3195,9,7,5,4,2,2,3,2,4,1,3,0,44.4,33.3,0,0,78,8.7
S2332,4,4,3,1,1,2,1,0,2,1,1,0,50,25,0,0,35,8.8
S2063,5,5,2,3,2,1,1,1,1,0,1,0,20,20,0,0,40,8
S2282,8,8,5,3,3,2,1,2,5,2,3,0,62.5,12.5,0,0,59,7.4
S2410,3,3,2,1,2,1,0,0,1,0,1,0,33.3,0,0,0,22,7.3
S3025,6,6,1,5,2,4,0,0,3,2,1,0,50,0,0,0,36,6
S2474,8,6,4,4,2,3,2,1,2,1,0,1,25,25,0,0,65,8.1
S3041,6,6,3,3,3,1,1,1,3,0,3,0,50,16.7,0,0,45,7.5
S2695,4,3,2,2,1,1,1,1,1,1,0,0,25,25,0,0,38,9.5
S2885,4,4,2,2,2,1,0,1,1,0,0,1,25,0,0,0,42,10.5
S2338,5,5,4,1,2,2,0,1,3,2,0,1,60,0,0,0,47,9.4
S2007,6,5,2,4,3,2,0,1,0,0,0,0,0,0,0,0,41,6.8
S2854,13,7,10,3,8,3,0,2,6,3,1,2,46.2,0,0,0,112,8.6
S3090,7,5,4,3,1,4,1,1,3,1,2,0,42.9,14.3,0,0,64,9.1
S2644,4,4,2,2,3,1,0,0,0,0,0,0,0,0,0,0,29,7.2
S2237,5,2,2,3,1,2,0,2,3,1,2,0,60,0,0,0,45,9
S2108,4,3,3,1,0,2,1,1,2,0,1,1,50,25,0,0,38,9.5
S2253,7,6,3,4,4,2,0,1,4,1,3,0,57.1,0,0,0,58,8.3
S2830,1,1,0,1,0,0,1,0,0,0,0,0,0,100,0,0,10,10
S2620,9,7,4,5,5,4,0,0,5,3,1,1,55.6,0,0,0,80,8.9
S2082,1,1,1,0,1,0,0,0,0,0,0,0,0,0,0,0,11,11
S2263,7,6,5,2,1,4,1,1,3,1,2,0,42.9,14.3,0,0,36,5.1
S2610,1,1,1,0,1,0,0,0,0,0,0,0,0,0,0,0,7,7
S2800,7,6,5,2,4,1,0,2,3,1,2,0,42.9,0,0,0,55,7.9
S2495,4,4,1,3,2,1,1,0,1,0,1,0,25,25,0,0,32,8
S2674,4,3,4,0,1,0,3,0,1,1,0,0,25,75,0,0,35,8.8
S2864,8,7,4,4,6,1,0,1,1,1,0,0,12.5,0,0,0,52,6.5
S2207,2,2,2,0,1,1,0,0,0,0,0,0,0,0,0,0,12,6
S2138,5,5,2,3,3,1,1,0,1,0,1,0,20,20,0,0,45,9
S3071,7,6,6,1,3,1,1,2,3,3,0,0,42.9,14.3,0,0,51,7.3
S2444,2,2,1,1,1,0,1,0,0,0,0,0,0,50,0,0,18,9
S2308,3,3,2,1,2,0,0,1,1,0,1,0,33.3,0,0,0,19,6.3
S2037,5,5,2,3,2,0,1,2,2,0,2,0,40,20,0,0,51,10.2
S2053,1,1,1,0,0,1,0,0,0,0,0,0,0,0,0,0,4,4
S3015,4,4,3,1,2,1,0,1,1,1,0,0,25,0,0,0,31,7.8
S2420,5,4,4,1,3,0,2,0,3,1,0,2,60,40,0,0,40,8
S2771,2,2,2,0,2,0,0,0,0,0,0,0,0,0,0,0,13,6.5
S2590,5,3,3,2,2,1,1,1,1,1,0,0,20,20,0,0,47,9.4
S2961,7,5,3,4,1,4,2,0,2,1,1,0,28.6,28.6,0,0,85,12.1
S2302,6,5,2,4,2,3,0,1,4,2,1,1,66.7,0,0,0,45,7.5
S2366,7,5,4,3,4,2,0,1,2,1,1,0,28.6,0,0,0,70,10
S2187,3,3,3,0,1,1,1,0,0,0,0,0,0,33.3,0,0,18,6
S2059,1,1,1,0,0,1,0,0,1,0,1,0,100,0,0,0,5,5
S2715,3,3,3,0,3,0,0,0,1,0,1,0,33.3,0,0,0,30,10
S2905,6,6,5,1,2,2,1,1,3,1,2,0,50,16.7,0,0,55,9.2
S2269,7,6,6,1,1,4,2,0,1,0,1,0,14.3,28.6,0,0,47,6.7
S2156,2,2,2,0,1,1,0,0,0,0,0,0,0,0,0,0,18,9
S2088,3,3,2,1,1,1,1,0,2,1,1,0,66.7,33.3,0,0,25,8.3
S2525,5,4,2,3,2,2,0,1,2,1,1,0,40,0,0,0,38,7.6
S3110,7,5,3,4,2,2,0,3,2,2,0,0,28.6,0,0,0,54,7.7
S2541,7,6,5,2,2,1,2,2,3,0,2,1,42.9,28.6,0,0,51,7.3
S3174,3,3,2,1,2,1,0,0,2,0,1,1,66.7,0,0,0,21,7
S2132,10,6,5,5,2,5,2,1,4,1,2,1,40,20,0,0,110,11
S2318,4,3,1,3,2,1,0,1,0,0,0,0,0,0,0,0,29,7.2
S2027,8,5,2,6,3,0,2,3,6,4,2,0,75,25,0,0,56,7
S3061,8,6,5,3,4,4,0,0,3,2,1,0,37.5,0,0,0,73,9.1
S2454,5,5,0,5,2,2,1,0,1,0,0,1,20,20,0,0,34,6.8
S2430,6,5,3,3,1,3,1,1,1,1,0,0,16.7,16.7,0,0,48,8
S3005,6,4,2,4,3,0,0,3,1,1,0,0,16.7,0,0,0,60,10
S2043,6,5,2,4,1,1,2,2,2,1,1,0,33.3,33.3,0,0,42,7
S2810,5,4,2,3,3,2,0,0,2,2,0,0,40,0,0,0,32,6.4
S2600,6,6,4,2,2,2,2,0,3,2,0,1,50,33.3,0,0,31,5.2
S2092,3,3,0,3,1,2,0,0,2,1,1,0,66.7,0,0,0,22,7.3
S2273,4,3,2,2,0,3,0,1,2,2,0,0,50,0,0,0,30,7.5
S2217,3,2,2,1,2,0,0,1,2,1,1,0,66.7,0,0,0,24,8
S2128,6,4,4,2,2,4,0,0,3,1,1,1,50,0,0,0,44,7.3
S2874,9,7,6,3,3,2,3,1,4,2,1,1,44.4,33.3,0,0,71,7.9
S2485,3,3,2,1,1,0,2,0,1,0,1,0,33.3,66.7,0,0,33,11
S2664,4,4,2,2,2,1,1,0,1,1,0,0,25,25,0,0,37,9.2
S2535,6,4,4,2,4,1,1,0,3,2,1,0,50,16.7,0,0,45,7.5
S3100,10,6,7,3,4,5,1,0,3,1,2,0,30,10,0,0,82,8.2
S2279,4,4,3,1,3,1,0,0,2,1,1,0,50,0,0,0,24,6
S2098,7,7,1,6,4,1,2,0,2,1,1,0,28.6,28.6,0,0,58,8.3
S2146,6,6,3,3,2,3,1,0,4,3,0,1,66.7,16.7,0,0,37,6.2
S2122,7,7,5,2,3,2,0,2,2,2,0,0,28.6,0,0,0,68,9.7
S3164,6,5,2,4,0,5,0,1,2,1,1,0,33.3,0,0,0,36,6
S2551,4,4,2,2,1,2,1,0,1,1,0,0,25,25,0,0,36,9
S2312,2,2,0,2,0,0,0,2,1,1,0,0,50,0,0,0,23,11.5
S2971,2,2,2,0,2,0,0,0,1,1,0,0,50,0,0,0,12,6
S2761,12,10,7,5,3,5,1,3,8,5,3,0,66.7,8.3,0,0,111,9.2
S2580,10,9,7,3,6,2,1,1,7,6,1,0,70,10,0,0,82,8.2
S2915,7,6,2,5,1,2,3,1,4,2,1,1,57.1,42.9,0,0,42,6
S2705,5,4,3,2,2,1,2,0,2,0,2,0,40,40,0,0,41,8.2
S2376,3,3,1,2,1,2,0,0,1,1,0,0,33.3,0,0,0,22,7.3
S2197,5,4,4,1,1,2,1,1,2,1,1,0,40,20,0,0,37,7.4
S2049,9,7,6,3,4,2,3,0,2,0,1,1,22.2,33.3,0,0,66,7.3
S2735,3,3,2,1,2,1,0,0,1,0,1,0,33.3,0,0,0,18,6
S2925,6,6,3,3,3,1,2,0,1,0,0,1,16.7,33.3,0,0,58,9.7
S2298,2,2,1,1,2,0,0,0,1,1,0,0,50,0,0,0,24,12
S2346,3,3,1,2,2,1,0,0,2,1,0,1,66.7,0,0,0,21,7
S2079,3,2,1,2,3,0,0,0,0,0,0,0,0,0,0,0,34,11.3
S2751,6,6,4,2,4,1,1,0,4,0,4,0,66.7,16.7,0,0,46,7.7
S3185,5,4,5,0,3,2,0,0,3,2,1,0,60,0,0,0,47,9.4
S2941,7,6,3,4,1,4,1,1,3,2,1,0,42.9,14.3,0,0,51,7.3
S2112,11,8,7,4,3,5,2,1,3,0,1,2,27.3,18.2,0,0,94,8.5
S2990,10,7,4,6,2,5,3,0,5,3,2,0,50,30,0,0,91,9.1
S2780,4,3,1,3,1,2,0,1,1,1,0,0,25,0,0,0,33,8.2
S2561,9,8,6,3,2,3,2,2,4,2,1,1,44.4,22.2,0,0,79,8.8
S3154,4,4,1,3,1,1,0,2,1,1,0,0,25,0,0,0,29,7.2
S2505,7,6,4,3,4,0,1,2,2,1,1,0,28.6,14.3,0,0,59,8.4
S3130,7,5,5,2,4,2,1,0,4,3,1,0,57.1,14.3,0,0,51,7.3
S2249,7,6,4,3,3,1,3,0,2,1,1,0,28.6,42.9,0,0,46,6.6
S2397,4,4,2,2,0,1,1,2,0,0,0,0,0,25,0,0,33,8.2
S2176,7,6,7,0,4,1,2,0,2,2,0,0,28.6,28.6,0,0,49,7
S2227,2,2,1,1,1,0,0,1,1,0,1,0,50,0,0,0,22,11
S2118,1,1,1,0,0,0,1,0,0,0,0,0,0,100,0,0,7,7
S3080,8,8,4,4,2,0,1,5,4,4,0,0,50,12.5,0,0,64,8
S2654,9,8,4,5,4,1,1,3,2,1,0,1,22.2,11.1,0,0,59,6.6
S2844,5,4,5,0,3,0,2,0,0,0,0,0,0,40,0,0,41,8.2
S2630,4,3,2,2,2,1,1,0,1,1,0,0,25,25,0,0,19,4.8
S2820,5,3,3,2,1,3,1,0,3,1,2,0,60,20,0,0,33,6.6
S2243,8,6,5,3,2,4,0,2,3,3,0,0,37.5,0,0,0,82,10.2
S3035,5,4,4,1,3,1,1,0,2,0,2,0,40,20,0,0,49,9.8
S2400,6,5,4,2,2,3,1,0,2,1,1,0,33.3,16.7,0,0,47,7.8
S2073,7,7,4,3,1,2,3,1,3,1,2,0,42.9,42.9,0,0,67,9.6
S2292,10,8,7,3,6,3,0,1,4,2,2,0,40,0,0,0,91,9.1
S2328,8,5,3,5,4,4,0,0,3,1,1,1,37.5,0,0,0,64,8
S2017,3,3,2,1,1,0,1,1,2,0,2,0,66.7,33.3,0,0,21,7
S2895,7,7,6,1,2,3,1,1,2,1,1,0,28.6,14.3,0,0,64,9.1
S3051,7,5,3,4,2,0,2,3,2,0,1,1,28.6,28.6,0,0,55,7.9
S2464,8,7,4,4,3,2,3,0,3,2,1,0,37.5,37.5,0,0,73,9.1
S2685,5,4,4,1,4,1,0,0,1,1,0,0,20,0,0,0,27,5.4
S2013,5,5,3,2,1,2,2,0,2,2,0,0,40,40,0,0,41,8.2
S2891,5,4,3,2,2,1,0,2,1,1,0,0,20,0,0,0,37,7.4
S2681,1,1,0,1,0,1,0,0,0,0,0,0,0,0,0,0,9,9
S3055,6,6,4,2,4,0,1,1,1,1,0,0,16.7,16.7,0,0,55,9.2
S2460,1,1,1,0,0,1,0,0,0,0,0,0,0,0,0,0,9,9
S2404,8,8,5,3,4,3,0,1,4,2,2,0,50,0,0,0,66,8.2
S3031,4,4,3,1,3,1,0,0,0,0,0,0,0,0,0,0,28,7
S2348,3,3,2,1,1,1,0,1,2,0,2,0,66.7,0,0,0,20,6.7
S2296,5,5,4,1,1,1,3,0,0,0,0,0,0,60,0,0,29,5.8
S2077,8,6,4,4,3,1,1,3,2,1,1,0,25,12.5,0,0,79,9.9
S2634,4,3,0,4,0,2,1,1,1,1,0,0,25,25,0,0,42,10.5
S2824,6,5,3,3,1,4,0,1,5,2,3,0,83.3,0,0,0,52,8.7
S2247,4,3,2,2,1,3,0,0,1,0,0,1,25,0,0,0,32,8
S2399,5,4,4,1,2,0,3,0,1,0,0,1,20,60,0,0,50,10
S2178,7,4,3,4,5,0,1,1,4,1,3,0,57.1,14.3,0,0,62,8.9
S2223,4,4,1,3,2,1,0,1,1,0,1,0,25,0,0,0,26,6.5
S2650,3,3,3,0,1,2,0,0,2,2,0,0,66.7,0,0,0,38,12.7
S3084,3,3,2,1,3,0,0,0,1,1,0,0,33.3,0,0,0,24,8
S2840,3,3,2,1,0,0,2,1,3,2,1,0,100,66.7,0,0,19,6.3
S2501,6,6,3,3,3,0,2,1,2,1,1,0,33.3,33.3,0,0,39,6.5
S3134,7,5,4,3,2,3,1,1,4,2,2,0,57.1,14.3,0,0,49,7
S2172,5,5,1,4,2,3,0,0,2,1,1,0,40,0,0,0,34,6.8
S2393,6,5,4,2,2,1,2,1,1,0,1,0,16.7,33.3,0,0,57,9.5
S2229,4,4,2,2,1,1,1,1,1,0,1,0,25,25,0,0,25,6.2
S2116,7,7,4,3,3,1,3,0,3,0,2,1,42.9,42.9,0,0,59,8.4
S2994,4,4,1,3,0,4,0,0,2,1,1,0,50,0,0,0,25,6.2
S2565,6,6,4,2,2,4,0,0,3,3,0,0,50,0,0,0,38,6.3
S3150,6,5,3,3,0,5,0,1,4,0,3,1,66.7,0,0,0,39,6.5
S2784,4,4,2,2,2,1,0,1,4,2,2,0,100,0,0,0,32,8
S2326,3,2,2,1,1,1,0,1,0,0,0,0,0,0,0,0,25,8.3
S2019,3,3,2,1,1,1,1,0,1,1,0,0,33.3,33.3,0,0,26,8.7
S3181,2,2,2,0,2,0,0,0,1,1,0,0,50,0,0,0,25,12.5
S2755,5,4,4,1,3,2,0,0,3,2,1,0,60,0,0,0,34,6.8
S2945,7,5,5,2,2,3,1,1,1,0,1,0,14.3,14.3,0,0,67,9.6
S2731,6,6,3,3,2,0,2,2,5,3,1,1,83.3,33.3,0,0,71,11.8
S2921,5,4,2,3,1,1,0,3,2,1,1,0,40,0,0,0,60,12
S2342,6,5,5,1,2,4,0,0,4,2,2,0,66.7,0,0,0,50,8.3
S2911,5,4,0,5,2,3,0,0,1,1,0,0,20,0,0,0,38,7.6
S2701,6,6,3,3,0,3,1,2,1,1,0,0,16.7,16.7,0,0,54,9
S2193,6,5,4,2,6,0,0,0,4,1,2,1,66.7,0,0,0,59,9.8
S2372,4,3,1,3,1,0,2,1,0,0,0,0,0,50,0,0,22,5.5
S2316,6,5,4,2,3,1,2,0,1,0,1,0,16.7,33.3,0,0,59,9.8
S2029,3,3,3,0,1,0,0,2,0,0,0,0,0,0,0,0,19,6.3
S2975,4,4,1,3,1,2,0,1,1,0,1,0,25,0,0,0,33,8.2
S2584,4,3,3,1,3,1,0,0,2,2,0,0,50,0,0,0,26,6.5
S2765,4,4,4,0,1,1,1,1,1,0,1,0,25,25,0,0,46,11.5
S2219,5,4,4,1,3,1,1,0,1,0,1,0,20,20,0,0,40,8
S2126,1,1,0,1,0,0,0,1,0,0,0,0,0,0,0,0,2,2
S2555,5,4,2,3,1,2,1,1,2,1,1,0,40,20,0,0,37,7.4
S3160,5,4,3,2,3,1,1,0,1,1,0,0,20,20,0,0,35,7
S2531,2,2,0,2,1,0,0,1,1,0,1,0,50,0,0,0,18,9
S3104,12,6,9,3,5,4,1,2,5,1,2,2,41.7,8.3,0,0,106,8.8
S2142,7,6,1,6,2,2,1,2,4,2,2,0,57.1,14.3,0,0,63,9
S2213,3,3,1,2,0,3,0,0,2,1,1,0,66.7,0,0,0,26,8.7
S2870,7,5,5,2,2,5,0,0,5,2,1,2,71.4,0,0,0,61,8.7
S2660,7,6,3,4,1,1,2,3,2,1,1,0,28.6,28.6,0,0,49,7
S2481,5,4,2,3,3,0,0,2,4,0,4,0,80,0,0,0,40,8
S2814,4,3,3,1,2,0,1,1,3,1,1,1,75,25,0,0,37,9.2
S2604,4,4,1,3,2,2,0,0,2,2,0,0,50,0,0,0,31,7.8
S2277,7,5,5,2,4,1,2,0,2,2,0,0,28.6,28.6,0,0,51,7.3
S2096,8,6,3,5,5,1,1,1,6,4,1,1,75,12.5,0,0,61,7.6
S3001,4,3,2,2,4,0,0,0,2,1,1,0,50,0,0,0,36,9
S2434,6,6,3,3,4,0,1,1,6,2,4,0,100,16.7,0,0,37,6.2
S2148,9,7,6,3,3,5,0,1,5,2,2,1,55.6,0,0,0,71,7.9
S2378,8,6,4,4,6,2,0,0,2,1,1,0,25,0,0,0,63,7.9
S2199,1,1,0,1,0,1,0,0,1,0,1,0,100,0,0,0,11,11
S2047,4,4,0,4,0,3,0,1,2,2,0,0,50,0,0,0,30,7.5
S2023,4,4,2,2,2,1,1,0,2,0,2,0,50,25,0,0,19,4.8
S3065,5,4,2,3,1,2,0,2,3,1,2,0,60,0,0,0,36,7.2
S2450,4,4,3,1,1,2,0,1,3,1,2,0,75,0,0,0,30,7.5
S2913,5,5,2,3,0,1,2,2,3,2,1,0,60,40,0,0,30,6
S2703,8,6,2,6,2,3,1,2,2,1,0,1,25,12.5,0,0,73,9.1
S3009,2,2,1,1,0,1,0,1,1,0,1,0,50,0,0,0,11,5.5
S2191,7,6,2,5,2,3,0,2,2,1,1,0,28.6,0,0,0,50,7.1
S2370,5,3,3,2,1,3,1,0,2,2,0,0,40,20,0,0,27,5.4
S2314,3,3,2,1,2,0,1,0,1,0,0,1,33.3,33.3,0,0,26,8.7
S2977,7,6,5,2,3,2,1,1,3,1,0,2,42.9,14.3,0,0,46,6.6
S2586,6,6,2,4,1,2,1,2,4,1,1,2,66.7,16.7,0,0,48,8
S2458,3,3,1,2,1,1,1,0,2,2,0,0,66.7,33.3,0,0,30,10
S2767,4,4,1,3,2,1,1,0,1,1,0,0,25,25,0,0,34,8.5
S2124,6,6,5,1,1,3,1,1,2,0,2,0,33.3,16.7,0,0,35,5.8
S2557,4,3,1,3,0,1,1,2,1,0,1,0,25,25,0,0,41,10.2
S2489,3,3,1,2,2,1,0,0,2,0,1,1,66.7,0,0,0,14,4.7
S2668,6,4,4,2,2,2,1,1,2,1,1,0,33.3,16.7,0,0,46,7.7
S3162,1,1,1,0,1,0,0,0,0,0,0,0,0,0,0,0,11,11
S2878,5,3,1,4,3,2,0,0,4,1,3,0,80,0,0,0,35,7
S3106,10,8,8,2,8,1,1,0,2,2,0,0,20,10,0,0,91,9.1
S2533,6,5,3,3,2,1,1,2,1,1,0,0,16.7,16.7,0,0,57,9.5
S2140,3,3,2,1,2,1,0,0,1,1,0,0,33.3,0,0,0,24,8
S2211,3,3,0,3,1,1,1,0,2,2,0,0,66.7,33.3,0,0,19,6.3
S2872,4,4,1,3,1,1,0,2,1,1,0,0,25,0,0,0,23,5.8
S2662,7,4,4,3,3,3,1,0,3,1,1,1,42.9,14.3,0,0,50,7.1
S3168,10,6,6,4,4,3,3,0,4,0,3,1,40,30,0,0,90,9
S2483,9,6,6,3,5,2,0,2,2,0,2,0,22.2,0,0,0,86,9.6
S2816,1,1,0,1,1,0,0,0,0,0,0,0,0,0,0,0,8,8
S2539,4,4,1,3,2,1,1,0,3,3,0,0,75,25,0,0,30,7.5
S2606,5,4,3,2,1,2,1,1,1,0,1,0,20,20,0,0,52,10.4
S2275,7,7,6,1,3,1,2,1,3,2,1,0,42.9,28.6,0,0,74,10.6
S2094,11,7,6,5,4,5,1,1,0,0,0,0,0,9.1,0,0,74,6.7
S3003,7,7,1,6,4,2,1,0,0,0,0,0,0,14.3,0,0,72,10.3
S2436,3,3,0,3,2,0,0,1,0,0,0,0,0,0,0,0,19,6.3
S2709,3,3,0,3,0,2,1,0,2,0,2,0,66.7,33.3,0,0,26,8.7
S2919,4,4,3,1,1,0,1,2,0,0,0,0,0,25,0,0,26,6.5
S2045,10,8,4,6,5,4,1,0,6,4,1,1,60,10,0,0,97,9.7
S2021,2,2,1,1,1,0,0,1,2,0,1,1,100,0,0,0,19,9.5
S2452,8,6,6,2,2,5,1,0,1,1,0,0,12.5,12.5,0,0,61,7.6
S3067,3,3,1,2,2,1,0,0,2,1,1,0,66.7,0,0,0,37,12.3
S2011,5,4,2,3,3,1,1,0,4,2,1,1,80,20,0,0,41,8.2
S2893,5,4,3,2,2,1,1,1,3,2,1,0,60,20,0,0,37,7.4
S2683,9,9,5,4,5,3,1,0,4,1,2,1,44.4,11.1,0,0,74,8.2
S3057,7,6,4,3,1,4,0,2,2,1,0,1,28.6,0,0,0,56,8
S3189,8,8,6,2,3,2,3,0,3,1,1,1,37.5,37.5,0,0,59,7.4
S2462,7,6,4,3,2,3,2,0,2,1,1,0,28.6,28.6,0,0,51,7.3
S2929,9,7,3,6,3,3,2,1,3,1,2,0,33.3,22.2,0,0,66,7.3
S2406,3,2,1,2,0,2,1,0,2,1,1,0,66.7,33.3,0,0,24,8
S3033,8,6,4,4,4,2,2,0,4,1,3,0,50,25,0.13,0,60,7.5
S2739,7,6,4,3,3,2,1,1,2,2,0,0,28.6,14.3,0,0,62,8.9
S2294,5,4,3,2,4,0,0,1,1,1,0,0,20,0,0,0,44,8.8
S2075,3,2,1,2,0,3,0,0,1,1,0,0,33.3,0,0,0,19,6.3
S2509,2,2,1,1,0,2,0,0,0,0,0,0,0,0,0,0,17,8.5
S2636,3,3,2,1,1,1,0,1,2,1,1,0,66.7,0,0,0,32,10.7
S2826,6,5,4,2,3,1,1,1,1,1,0,0,16.7,16.7,0,0,66,11
S2245,8,6,4,4,3,3,0,2,1,0,1,0,12.5,0,0,0,64,8
S2221,6,5,2,4,4,2,0,0,1,1,0,0,16.7,0,0,0,59,9.8
S2652,4,3,2,2,3,0,1,0,1,1,0,0,25,25,0,0,32,8
S3086,4,3,4,0,1,1,2,0,2,1,1,0,50,50,0,0,25,6.2
S3158,4,4,2,2,2,1,1,0,1,1,0,0,25,25,0,0,25,6.2
S2842,6,5,3,3,3,1,2,0,1,1,0,0,16.7,33.3,0,0,30,5
S2503,8,6,4,4,2,4,2,0,3,2,1,0,37.5,25,0,0,55,6.9
S3136,4,4,4,0,2,1,0,1,1,0,1,0,25,0,0,0,35,8.8
S2170,4,4,0,4,2,0,2,0,3,3,0,0,75,50,0,0,30,7.5
S2391,7,7,4,3,2,2,2,1,1,1,0,0,14.3,28.6,0,0,56,8
S2114,6,5,3,3,2,1,1,2,2,1,0,1,33.3,16.7,0,0,46,7.7
S2996,7,6,4,3,2,2,1,2,1,1,0,0,14.3,14.3,0,0,74,10.6
S2848,7,5,4,3,1,3,1,2,3,2,1,0,42.9,14.3,0,0,63,9
S2567,8,6,6,2,2,2,4,0,1,0,1,0,12.5,50,0,0,68,8.5
S3152,5,5,3,2,0,4,0,1,0,0,0,0,0,0,0,0,45,9
S2786,9,4,3,6,5,3,1,0,5,3,0,2,55.6,11.1,0,0,78,8.7
S2658,4,3,2,2,1,2,0,1,1,0,1,0,25,0,0,0,13,3.2
S2324,7,6,2,5,3,2,1,1,5,5,0,0,71.4,14.3,0,0,62,8.9
S3183,5,3,3,2,3,2,0,0,2,0,2,0,40,0,0,0,37,7.4
S2468,2,2,1,1,0,2,0,0,2,0,1,1,100,0,0,0,20,10
S2689,10,8,3,7,4,3,2,1,4,0,4,0,40,20,0,0,55,5.5
S2947,9,7,7,2,3,2,1,3,4,2,2,0,44.4,11.1,0,0,71,7.9
S2757,8,6,1,7,3,1,1,3,2,1,1,0,25,12.5,0,0,68,8.5
S2899,4,4,2,2,4,0,0,0,2,0,2,0,50,0,0,0,27,6.8
S2733,1,1,0,1,0,0,0,1,0,0,0,0,0,0,0,0,13,13
S3039,3,3,2,1,3,0,0,0,1,0,1,0,33.3,0,0,0,36,12
S2923,4,3,0,4,2,1,0,1,0,0,0,0,0,0,0,0,34,8.5
S2340,1,1,0,1,0,0,1,0,0,0,0,0,0,100,0,0,10,10
S2408,3,3,1,2,3,0,0,0,1,1,0,0,33.3,0,0,0,32,10.7
S2737,5,4,4,1,0,3,1,1,4,2,1,1,80,20,0,0,44,8.8
S2927,5,5,1,4,3,1,1,0,0,0,0,0,0,20,0,0,43,8.6
S2344,3,3,1,2,0,2,1,0,0,0,0,0,0,33.3,0,0,31,10.3
S2320,4,4,2,2,1,1,0,2,2,2,0,0,50,0,0,0,39,9.8
S2753,11,8,5,6,2,5,1,3,5,2,2,1,45.5,9.1,0,0,84,7.6
S3187,6,6,3,3,4,2,0,0,4,1,2,1,66.7,0,0,0,44,7.3
S3059,10,7,8,2,8,1,1,0,2,1,0,1,20,10,0,0,59,5.9
S2943,6,6,4,2,4,2,0,0,4,1,3,0,66.7,0,0,0,37,6.2
S2110,5,4,4,1,1,3,0,1,4,1,3,0,80,0,0,0,25,5
S2992,7,6,4,3,4,3,0,0,5,2,2,1,71.4,0,0,0,55,7.9
S2782,8,7,3,5,2,3,3,0,1,0,1,0,12.5,37.5,0,0,46,5.8
S3156,6,5,1,5,3,3,0,0,2,0,2,0,33.3,0,0,0,37,6.2
S3088,8,6,2,6,5,1,1,1,3,2,1,0,37.5,12.5,0,0,65,8.1
S2828,1,1,0,1,0,1,0,0,1,1,0,0,100,0,0,0,6,6
S2563,6,5,3,3,3,1,1,1,2,1,1,0,33.3,16.7,0,0,42,7
S3132,4,3,3,1,3,0,0,1,4,2,1,1,100,0,0,0,38,9.5
S2507,6,3,4,2,1,3,1,1,4,1,3,0,66.7,16.7,0,0,45,7.5
S2638,5,4,4,1,2,2,1,0,3,1,1,1,60,20,0,0,49,9.8
S2395,7,6,4,3,3,1,1,2,3,1,2,0,42.9,14.3,0,0,52,7.4
S2174,6,5,4,2,4,2,0,0,3,1,2,0,50,0,0,0,27,4.5
S2225,6,5,5,1,3,1,1,1,1,1,0,0,16.7,16.7,0,0,37,6.2
S3082,5,4,4,1,1,1,1,2,2,0,2,0,40,20,0,0,47,9.4
S2569,5,4,3,2,1,0,1,3,0,0,0,0,0,20,0,0,43,8.6
S2788,3,3,1,2,2,1,0,0,2,1,1,0,66.7,0,0,0,23,7.7
S2656,6,6,0,6,2,4,0,0,4,2,2,0,66.7,0,0,0,48,8
S2998,8,6,3,5,3,3,1,1,4,3,1,0,50,12.5,0,0,57,7.1
S2846,11,8,6,5,5,3,2,1,5,3,1,1,45.5,18.2,0,0,99,9
S2632,7,5,4,3,3,2,0,2,3,0,2,1,42.9,0,0,0,25,3.6
S3138,9,6,6,3,4,3,1,1,4,1,3,0,44.4,11.1,0,0,51,5.7
S2822,4,4,2,2,0,2,1,1,1,0,1,0,25,25,0,0,31,7.8
S2241,6,4,4,2,2,3,1,0,3,2,1,0,50,16.7,0,0,58,9.7
S2402,6,4,2,4,3,0,0,3,3,1,2,0,50,0,0,0,51,8.5
S3037,9,8,4,5,3,2,3,1,3,2,1,0,33.3,33.3,0,0,83,9.2
S2071,6,4,5,1,3,3,0,0,1,1,0,0,16.7,0,0,0,54,9
S2290,1,1,0,1,0,1,0,0,0,0,0,0,0,0,0,0,6,6
S2015,13,8,5,8,3,7,0,3,4,3,1,0,30.8,0,0,0,119,9.2
S2897,11,6,7,4,2,5,1,3,5,1,3,1,45.5,9.1,0,0,72,6.5
S2949,9,6,4,5,6,1,0,2,3,0,2,1,33.3,0,0,0,57,6.3
S3053,9,7,7,2,2,3,2,2,6,2,3,1,66.7,22.2,0,0,78,8.7
S2466,3,3,2,1,0,2,0,1,1,0,1,0,33.3,0,0,0,30,10
S2759,7,5,5,2,4,1,2,0,2,1,1,0,28.6,28.6,0,0,36,5.1
S2687,5,5,3,2,4,0,0,1,3,2,1,0,60,0,0,0,36,7.2
S2025,3,2,1,2,2,1,0,0,2,2,0,0,66.7,0,0,0,17,5.7
S2588,7,6,6,1,2,3,2,0,3,3,0,0,42.9,28.6,0,0,53,7.6
S3063,5,5,2,3,3,1,1,0,2,2,0,0,40,20,0,0,41,8.2
S2769,7,4,3,4,3,2,2,0,2,2,0,0,28.6,28.6,0,0,48,6.9
S2979,4,4,3,1,2,2,0,0,1,0,1,0,25,0,0,0,34,8.5
S2456,4,4,0,4,1,3,0,0,3,2,0,1,75,0,0,0,45,11.2
S3007,4,4,3,1,1,2,0,1,1,0,1,0,25,0,0,0,25,6.2
S2432,1,1,0,1,1,0,0,0,0,0,0,0,0,0,0,0,12,12
S2041,7,5,4,3,3,3,1,0,2,0,2,0,28.6,14.3,0,0,58,8.3
S2812,4,3,3,1,1,2,1,0,3,1,0,2,75,25,0,0,24,6
S2602,3,3,1,2,0,0,2,1,2,1,1,0,66.7,66.7,0,0,23,7.7
S3108,3,3,1,2,1,1,0,1,2,0,1,1,66.7,0,0,0,19,6.3
S2090,5,5,4,1,1,1,1,2,1,0,1,0,20,20,0,0,40,8
S2271,6,5,5,1,4,0,0,2,3,2,0,1,50,0,0,0,41,6.8
S2215,8,6,3,5,4,1,2,1,4,1,2,1,50,25,0,0,71,8.9
S2876,4,4,2,2,2,1,1,0,1,1,0,0,25,25,0,0,33,8.2
S2559,4,4,4,0,3,0,1,0,1,0,1,0,25,25,0,0,33,8.2
S2487,5,4,2,3,4,1,0,0,1,1,0,0,20,0,0,0,41,8.2
S2666,5,4,2,3,2,0,3,0,3,3,0,0,60,60,0,0,33,6.6
S2537,3,3,1,2,0,1,1,1,2,2,0,0,66.7,33.3,0,0,37,12.3
S3102,3,3,3,0,1,0,2,0,0,0,0,0,0,66.7,0,0,19,6.3
S2608,4,3,1,3,2,1,0,1,3,2,1,0,75,0,0,0,30,7.5
S2818,8,7,6,2,2,3,2,1,6,1,5,0,75,25,0,0,57,7.1
S2144,2,2,0,2,0,2,0,0,2,2,0,0,100,0,0,0,10,5
S2120,4,3,3,1,1,3,0,0,1,0,1,0,25,0,0,0,42,10.5
S2553,6,6,4,2,3,1,0,2,2,1,1,0,33.3,0,0,0,53,8.8
S3166,4,4,2,2,3,1,0,0,1,0,1,0,25,0,0,0,26,6.5
S2310,3,3,2,1,2,1,0,0,2,1,1,0,66.7,0,0,0,22,7.3
S2973,8,7,5,3,2,5,0,1,3,2,0,1,37.5,0,0,0,67,8.4
S2763,10,9,5,5,7,1,2,0,6,4,2,0,60,20,0,0,76,7.6
S2582,7,5,4,3,2,2,2,1,2,1,1,0,28.6,28.6,0,0,37,5.3
S3069,4,3,4,0,1,2,1,0,2,1,0,1,50,25,0,0,23,5.8
S2917,4,4,3,1,0,0,2,2,2,1,1,0,50,50,0,0,37,9.2
S2438,3,3,3,0,0,1,2,0,3,0,3,0,100,66.7,0,0,20,6.7
S2707,8,5,6,2,2,3,0,3,1,0,1,0,12.5,0,0,0,59,7.4
S2374,6,5,1,5,0,3,1,2,2,0,2,0,33.3,16.7,0,0,36,6
S2195,8,5,3,5,6,2,0,0,3,1,2,0,37.5,0,0,0,68,8.5
S3020,3,3,3,0,1,0,0,2,1,1,0,0,33.3,0,0,0,32,10.7
S2415,5,4,3,2,4,0,1,0,2,1,1,0,40,20,0,0,36,7.2
S2359,7,5,3,4,2,3,1,1,3,0,2,1,42.9,14.3,0,0,64,9.1
S2287,8,5,5,3,4,1,2,1,1,1,0,0,12.5,25,0,0,70,8.8
S2066,7,5,1,6,2,0,1,4,3,2,1,0,42.9,14.3,0,0,58,8.3
S2002,5,3,2,3,2,1,1,1,2,2,0,0,40,20,0,0,39,7.8
S2690,8,5,6,2,4,2,2,0,2,0,2,0,25,25,0,0,68,8.5
S2471,2,2,1,1,1,1,0,0,2,0,1,1,100,0,0,0,14,7
S3044,6,5,1,5,2,2,0,2,3,1,2,0,50,0,0,0,37,6.2
S2880,4,4,2,2,2,1,0,1,2,2,0,0,50,0,0,0,44,11
S2232,6,5,4,2,2,4,0,0,3,2,1,0,50,0,0,0,55,9.2
S2851,5,5,1,4,2,2,0,1,1,0,1,0,20,0,0,0,32,6.4
S2641,4,3,3,1,3,1,0,0,3,2,0,1,75,0,0,0,33,8.2
S3095,3,3,3,0,1,0,1,1,2,0,1,1,66.7,33.3,0,0,24,8
S2835,5,4,3,2,5,0,0,0,1,0,1,0,20,0,0,0,39,7.8
S2625,7,6,5,2,1,1,3,2,1,0,1,0,14.3,42.9,0,0,53,7.6
S2388,5,5,4,1,3,1,1,0,3,2,1,0,60,20,0,0,46,9.2
S2256,7,5,1,6,3,2,1,1,5,1,4,0,71.4,14.3,0,0,46,6.6
S2169,3,3,1,2,1,1,0,1,1,1,0,0,33.3,0,0,0,23,7.7
S2238,7,6,5,2,3,2,1,1,4,1,2,1,57.1,14.3,0,0,53,7.6
S2107,3,2,1,2,1,1,0,1,1,0,1,0,33.3,0,0,0,15,5
S2574,6,5,3,3,2,2,1,1,1,0,1,0,16.7,16.7,0,0,54,9
S3141,6,5,5,1,2,2,1,1,1,0,0,1,16.7,16.7,0,0,57,9.5
S2795,2,2,1,1,2,0,0,0,1,1,0,0,50,0,0,0,15,7.5
S2985,6,4,4,2,3,2,1,0,0,0,0,0,0,16.7,0,0,36,6
S2510,11,7,8,3,4,4,3,0,4,1,3,0,36.4,27.3,0,0,83,7.5
S3125,4,4,1,3,3,0,1,0,1,1,0,0,25,25,0,0,36,9
S2163,1,1,0,1,1,0,0,0,1,1,0,0,100,0,0,0,9,9
S2382,5,4,4,1,4,0,0,1,2,1,1,0,40,0,0,0,26,5.2
S2930,6,6,2,4,1,2,1,2,3,0,1,2,50,16.7,0,0,34,5.7
S2720,6,5,4,2,4,1,1,0,4,2,2,0,66.7,16.7,0,0,52,8.7
S2353,4,4,1,3,1,1,1,1,2,0,2,0,50,25,0,0,25,6.2
S2337,2,2,0,2,0,1,1,0,0,0,0,0,0,50,0,0,11,5.5
S2008,7,6,2,5,2,3,0,2,2,0,1,1,28.6,0,0,0,57,8.1
S2954,6,4,4,2,3,1,1,1,3,1,2,0,50,16.7,0,0,51,8.5
S3190,7,6,5,2,2,2,2,1,2,0,0,2,28.6,28.6,0,0,61,8.7
S2744,3,3,3,0,2,0,0,1,2,0,1,1,66.7,0,0,0,33,11
S2307,11,6,4,7,7,2,1,1,3,1,2,0,27.3,9.1,0,0,79,7.2
S2038,7,6,5,2,3,3,0,1,3,2,1,0,42.9,0,0,0,47,6.7
S2595,4,3,1,3,0,1,1,2,1,0,1,0,25,25,0,0,40,10
S2774,8,5,5,3,5,2,0,1,0,0,0,0,0,0,0,0,53,6.6
S2964,2,2,0,2,0,0,2,0,1,1,0,0,50,100,0,0,10,5
S2710,8,6,5,3,4,3,0,1,3,2,1,0,37.5,0,0,0,62,7.8
S2900,7,5,4,3,4,3,0,0,6,5,1,0,85.7,0,0,0,66,9.4
S2182,2,2,1,1,1,1,0,0,0,0,0,0,0,0,0,0,19,9.5
S2363,3,2,1,2,1,2,0,0,1,1,0,0,33.3,0,0,0,30,10
S2520,5,4,2,3,5,0,0,0,2,1,1,0,40,0,0,0,46,9.2
S3115,3,3,2,1,2,0,0,1,2,0,1,1,66.7,0,0,0,14,4.7
S2153,4,4,1,3,1,2,1,0,1,1,0,0,25,25,0,0,25,6.2
S2208,7,6,4,3,2,3,0,2,4,0,3,1,57.1,0,0,0,48,6.9
S2137,4,3,4,0,1,1,2,0,4,2,2,0,100,50,0,0,33,8.2
S2544,2,1,1,1,2,0,0,0,2,2,0,0,100,0,0,0,6,3
S3171,5,4,4,1,2,2,1,0,0,0,0,0,0,20,0,0,39,7.8
S2615,6,4,4,2,2,3,1,0,3,1,2,0,50,16.7,0,0,42,7
S2805,11,8,6,5,3,6,2,0,5,3,2,0,45.5,18.2,0,0,74,6.7
S2266,3,3,1,2,3,0,0,0,3,1,1,1,100,0,0,0,27,9
S2159,7,4,3,4,5,2,0,0,2,1,1,0,28.6,0,0,0,62,8.9
S2087,7,6,5,2,3,1,2,1,3,1,1,1,42.9,28.6,0,0,54,7.7
S2202,2,2,1,1,0,0,1,1,2,1,1,0,100,50,0,0,12,6
S2671,1,1,0,1,1,0,0,0,0,0,0,0,0,0,0,0,10,10
S2490,5,5,4,1,2,1,0,2,2,1,1,0,40,0,0,0,57,11.4
S2861,6,5,4,2,2,3,1,0,4,1,3,0,66.7,16.7,0,0,43,7.2
S2032,5,5,3,2,3,2,0,0,2,1,1,0,40,0,0,0,40,8
S3074,4,4,2,2,1,2,0,1,1,0,1,0,25,0,0,0,31,7.8
S2441,3,3,2,1,1,1,1,0,3,2,1,0,100,33.3,0,0,32,10.7
S2425,10,8,5,5,4,3,1,2,2,1,0,1,20,10,0,0,66,6.6
S3010,4,4,3,1,3,1,0,0,1,0,0,1,25,0,0,0,38,9.5
S2369,6,5,5,1,2,0,4,0,3,2,1,0,50,66.7,0,0,51,8.5
S2056,3,3,1,2,1,2,0,0,0,0,0,0,0,0,0,0,21,7
S2188,4,4,2,2,2,2,0,0,0,0,0,0,0,0,0,0,36,9
S2421,4,4,2,2,1,2,1,0,1,1,0,0,25,25,0,0,44,11
S3014,1,1,1,0,0,0,0,1,0,0,0,0,0,0,0,0,4,4
S2052,6,5,4,2,2,3,0,1,2,2,0,0,33.3,0,0,0,51,8.5
S2309,5,4,3,2,1,3,1,0,1,1,0,0,20,20,0,0,28,5.6
S2036,4,4,4,0,3,1,0,0,2,1,1,0,50,0,0,0,38,9.5
S3070,8,7,5,3,2,3,2,1,3,1,2,0,37.5,25,0,0,61,7.6
S2445,8,6,3,5,4,3,0,1,2,2,0,0,25,0,0,0,62,7.8
S2206,7,6,4,3,3,3,1,0,1,1,0,0,14.3,14.3,0,0,64,9.1
S2139,4,4,1,3,1,0,1,2,2,1,0,1,50,25,0,0,35,8.8
S2494,6,5,4,2,3,0,1,2,5,1,3,1,83.3,16.7,0,0,43,7.2
S2675,5,4,3,2,3,1,0,1,1,0,1,0,20,0,0,0,35,7
S2865,3,3,0,3,1,2,0,0,1,0,0,1,33.3,0,0,0,17,5.7
S2611,7,4,3,4,4,2,0,1,3,1,2,0,42.9,0,0,0,62,8.9
S2801,6,4,3,3,0,1,3,2,2,1,1,0,33.3,50,0,0,44,7.3
S2083,7,4,3,4,1,2,2,2,2,2,0,0,28.6,28.6,0,0,58,8.3
S2262,7,6,7,0,4,0,3,0,3,1,2,0,42.9,42.9,0,0,44,6.3
S2133,4,3,4,0,3,0,0,1,4,2,1,1,100,0,0,0,43,10.8
S2540,3,3,1,2,2,1,0,0,0,0,0,0,0,0,0,0,24,8
S3175,8,7,4,4,2,2,1,3,5,2,2,1,62.5,12.5,0,0,59,7.4
S2524,7,6,4,3,0,4,2,1,2,1,1,0,28.6,28.6,0,0,58,8.3
S3111,2,2,1,1,1,0,1,0,1,1,0,0,50,50,0,0,17,8.5
S2268,10,8,5,5,2,1,6,1,3,3,0,0,30,60,0,0,87,8.7
S2157,6,5,5,1,3,2,0,1,1,0,0,1,16.7,0,0,0,59,9.8
S2089,5,4,4,1,2,0,0,3,1,1,0,0,20,0,0,0,23,4.6
S2714,4,4,2,2,2,1,1,0,2,0,2,0,50,25,0,0,30,7.5
S2904,4,4,0,4,2,1,1,0,1,0,1,0,25,25,0,0,33,8.2
S2367,10,6,7,3,6,2,2,0,5,2,2,1,50,20,0,0,85,8.5
S2058,7,4,3,4,3,2,2,0,3,2,1,0,42.9,28.6,0,0,61,8.7
S2186,3,3,1,2,1,1,0,1,0,0,0,0,0,0,0,0,17,5.7
S2303,9,6,3,6,4,2,1,2,1,1,0,0,11.1,11.1,0,0,71,7.9
S2770,8,6,6,2,6,1,1,0,2,1,0,1,25,12.5,0,0,62,7.8
S2591,8,6,3,5,3,3,2,0,3,1,2,0,37.5,25,0,0,75,9.4
S2960,4,2,3,1,2,1,1,0,3,1,2,0,75,25,0,0,34,8.5
S2333,8,8,4,4,4,2,2,0,3,1,2,0,37.5,25,0,0,64,8
S2950,4,4,1,3,1,1,1,1,1,1,0,0,25,25,0,0,24,6
S2740,6,5,4,2,3,3,0,0,3,0,2,1,50,0,0,0,31,5.2
S3194,4,3,0,4,1,0,1,2,2,2,0,0,50,25,0,0,36,9
S2934,4,4,2,2,1,1,2,0,2,2,0,0,50,50,0,0,23,5.8
S2724,7,7,4,3,2,1,2,2,2,2,0,0,28.6,28.6,0,0,57,8.1
S2289,11,9,7,4,2,5,1,3,6,4,1,1,54.5,9.1,0,0,88,8
S2357,4,4,2,2,0,1,1,2,0,0,0,0,0,25,0,0,35,8.8
S2068,7,6,2,5,3,1,1,2,2,0,1,1,28.6,14.3,0,0,42,6
S2514,7,6,4,3,2,2,2,1,5,4,1,0,71.4,28.6,0,0,67,9.6
S3121,3,3,2,1,1,0,1,1,2,1,1,0,66.7,33.3,0,0,31,10.3
S2258,5,4,4,1,1,2,0,2,2,2,0,0,40,0,0,0,43,8.6
S2386,5,5,1,4,2,1,1,1,2,2,0,0,40,20,0,0,31,6.2
S2167,7,5,4,3,4,2,0,1,3,2,0,1,42.9,0,0,0,51,7.3
S2103,6,4,5,1,3,2,1,0,5,2,0,3,83.3,16.7,0,0,61,10.2
S2791,10,6,6,4,3,2,4,1,4,1,3,0,40,40,0,0,99,9.9
S2570,6,4,5,1,2,1,3,0,1,1,0,0,16.7,50,0,0,44,7.3
S3145,6,5,4,2,1,3,2,0,5,3,1,1,83.3,33.3,0,0,50,8.3
S2981,8,7,6,2,3,3,1,1,2,0,2,0,25,12.5,0,0,43,5.4
S2831,8,6,4,4,3,4,1,0,3,2,1,0,37.5,12.5,0,0,60,7.5
S2621,5,5,3,2,4,1,0,0,3,1,0,2,60,0,0,0,39,7.8
S2252,6,5,4,2,2,3,1,0,3,2,0,1,50,16.7,0,0,46,7.7
S2236,3,2,2,1,0,2,0,1,1,1,0,0,33.3,0,0,0,31,10.3
S2109,6,5,4,2,2,3,1,0,2,1,1,0,33.3,16.7,0,0,51,8.5
S2855,6,5,3,3,2,0,3,1,2,0,2,0,33.3,50,0,0,47,7.8
S3091,6,5,3,3,2,0,1,3,2,2,0,0,33.3,16.7,0,0,63,10.5
S2645,4,3,2,2,3,0,1,0,3,1,1,1,75,25,0,0,32,8
S2339,5,4,5,0,4,0,1,0,1,0,1,0,20,20,0,0,31,6.2
S2006,5,4,0,5,3,1,1,0,2,1,1,0,40,20,0,0,43,8.6
S3040,7,6,5,2,2,3,1,1,3,1,2,0,42.9,14.3,0,0,50,7.1
S2475,8,6,3,5,2,2,2,2,3,1,1,1,37.5,25,0,0,55,6.9
S2694,4,4,1,3,2,2,0,0,2,1,1,0,50,0,0,0,40,10
S2884,5,5,2,3,4,0,0,1,3,1,1,1,60,0,0,0,30,6
S2411,9,6,5,4,2,3,3,1,3,1,1,1,33.3,33.3,0,0,58,6.4
S3024,5,5,3,2,1,3,1,0,3,0,2,1,60,20,0,0,49,9.8
S2062,6,4,4,2,3,2,0,1,2,1,1,0,33.3,0,0,0,62,10.3
S2283,5,4,2,3,2,1,2,0,1,0,1,0,20,40,0,0,36,7.2
S2331,6,6,3,3,4,2,0,0,2,0,2,0,33.3,0,0,0,57,9.5
S2952,1,1,1,0,1,0,0,0,1,0,1,0,100,0,0,0,6,6
S2742,3,3,2,1,0,2,1,0,0,0,0,0,0,33.3,0,0,22,7.3
S3196,7,5,4,3,4,3,0,0,6,2,4,0,85.7,0,0,0,63,9
S3048,4,4,3,1,2,1,1,0,1,0,1,0,25,25,0,0,33,8.2
S2936,2,2,2,0,1,1,0,0,1,1,0,0,50,0,0,0,4,2
S2419,9,6,7,2,3,5,0,1,3,1,1,1,33.3,0,0,0,74,8.2
S2726,6,6,3,3,3,3,0,0,3,3,0,0,50,0,0,0,52,8.7
S2355,4,3,3,1,2,1,0,1,0,0,0,0,0,0,0,0,34,8.5
S2516,4,4,2,2,2,0,1,1,2,1,0,1,50,25,0,0,33,8.2
S3123,4,4,3,1,3,0,0,1,3,3,0,0,75,0,0,0,26,6.5
S2629,4,2,2,2,0,1,0,3,2,0,2,0,50,0,0,0,17,4.2
S2839,6,5,4,2,2,4,0,0,1,0,1,0,16.7,0,0,0,54,9
S2384,4,3,2,2,2,0,1,1,2,1,1,0,50,25,0,0,30,7.5
S2165,5,5,2,3,2,2,0,1,4,3,1,0,80,0,0,0,49,9.8
S2101,2,2,1,1,1,0,0,1,0,0,0,0,0,0,0,0,16,8
S2793,11,6,6,5,4,3,4,0,5,1,3,1,45.5,36.4,0,0,81,7.4
S3147,3,3,2,1,2,1,0,0,1,1,0,0,33.3,0,0,0,28,9.3
S3099,4,4,0,4,2,1,0,1,2,1,0,1,50,0,0,0,26,6.5
S2572,5,4,2,3,2,1,1,1,2,1,0,1,40,20,0,0,40,8
S2983,8,7,3,5,2,3,1,2,1,1,0,0,12.5,12.5,0,0,59,7.4
S2833,5,3,3,2,4,1,0,0,1,0,1,0,20,0,0,0,38,7.6
S2623,7,6,4,3,2,1,1,3,2,1,1,0,28.6,14.3,0,0,35,5
S3129,9,8,7,2,4,4,0,1,3,2,1,0,33.3,0,0,0,80,8.9
S2250,3,3,2,1,0,2,0,1,1,1,0,0,33.3,0,0,0,18,6
S2234,3,3,1,2,1,0,2,0,3,1,1,1,100,66.7,0,0,29,9.7
S2857,5,4,3,2,4,0,0,1,1,1,0,0,20,0,0,0,32,6.4
S2989,4,4,3,1,1,2,0,1,4,2,1,1,100,0,0,0,48,12
S2578,7,5,3,4,2,3,1,1,2,1,0,1,28.6,14.3,0,0,63,9
S3093,5,5,2,3,3,0,1,1,1,0,0,1,20,20,0,0,42,8.4
S2647,4,4,2,2,1,1,1,1,1,1,0,0,25,25,0,0,41,10.2
S2799,2,2,2,0,0,1,1,0,1,1,0,0,50,50,0,0,16,8
S2004,3,2,2,1,1,2,0,0,1,1,0,0,33.3,0,0,0,18,6
S3042,6,6,2,4,2,2,1,1,2,2,0,0,33.3,16.7,0,0,46,7.7
S2477,8,5,4,4,3,3,2,0,6,3,3,0,75,25,0,0,57,7.1
S2748,4,4,1,3,3,1,0,0,2,1,1,0,50,0,0,0,34,8.5
S2696,5,4,3,2,2,2,0,1,2,1,0,1,40,0,0,0,58,11.6
S2886,2,2,1,1,2,0,0,0,1,0,1,0,50,0,0,0,20,10
S2958,9,5,6,3,8,0,0,1,6,2,4,0,66.7,0,0,0,75,8.3
S3026,8,6,5,3,3,3,1,1,4,2,0,2,50,12.5,0,0,54,6.8
S2413,6,5,2,4,0,1,5,0,2,0,0,2,33.3,83.3,0,0,38,6.3
S2060,4,4,2,2,3,0,0,1,2,2,0,0,50,0,0,0,22,5.5
S2281,6,5,2,4,2,2,0,2,3,0,2,1,50,0,0,0,40,6.7
S3016,4,4,1,3,2,0,1,1,1,1,0,0,25,25,0,0,35,8.8
S2423,4,2,1,3,4,0,0,0,1,0,0,1,25,0,0,0,28,7
S2050,7,6,3,4,1,2,3,1,4,2,1,1,57.1,42.9,0,0,57,8.1
S2034,5,4,2,3,1,3,1,0,1,0,0,1,20,20,0,0,44,8.8
S2968,9,6,5,4,1,6,2,0,3,1,2,0,33.3,22.2,0,0,76,8.4
S2447,3,2,1,2,3,0,0,0,2,2,0,0,66.7,0,0,0,20,6.7
S3072,6,6,4,2,2,1,0,3,3,2,1,0,50,0,0,0,69,11.5
S2778,2,2,1,1,1,0,1,0,1,0,0,1,50,50,0,0,25,12.5
S2204,7,7,1,6,5,1,1,0,3,1,2,0,42.9,14.3,0,0,59,8.4
S2599,6,5,3,3,5,0,0,1,3,0,2,1,50,0,0,0,51,8.5
S2496,4,4,1,3,0,2,2,0,2,1,0,1,50,50,0,0,37,9.2
S2548,3,2,2,1,2,0,1,0,1,1,0,0,33.3,33.3,0,0,19,6.3
S2677,4,4,4,0,2,0,1,1,2,1,1,0,50,25,0,0,15,3.8
S2867,8,7,5,3,3,3,2,0,3,0,3,0,37.5,25,0,0,62,7.8
S2613,8,7,2,6,3,1,2,2,5,3,2,0,62.5,25,0,0,65,8.1
S3119,3,3,1,2,1,0,2,0,3,0,2,1,100,66.7,0,0,20,6.7
S2803,4,4,2,2,3,0,0,1,3,2,0,1,75,0,0,0,32,8
S2081,6,4,4,2,1,4,1,0,1,1,0,0,16.7,16.7,0,0,44,7.3
S2260,4,3,2,2,2,0,0,2,1,0,1,0,25,0,0,0,31,7.8
S2131,5,4,2,3,1,3,1,0,2,2,0,0,40,20,0,0,36,7.2
S3177,6,6,4,2,2,1,1,2,2,1,1,0,33.3,16.7,0,0,60,10
S2542,5,5,3,2,3,1,1,0,3,3,0,0,60,20,0,0,45,9
S2809,7,7,5,2,4,1,2,0,2,0,1,1,28.6,28.6,0,0,68,9.7
S2526,9,6,4,5,4,3,2,0,2,0,2,0,22.2,22.2,0,0,70,7.8
S3113,5,5,2,3,1,1,2,1,2,1,1,0,40,40,0,0,33,6.6
S2619,7,6,1,6,4,2,1,0,4,2,2,0,57.1,14.3,0,0,58,8.3
S2155,7,5,1,6,3,2,1,1,5,3,2,0,71.4,14.3,0,0,51,7.3
S2429,6,5,2,4,5,0,0,1,2,0,2,0,33.3,0,0,0,61,10.2
S2716,7,4,3,4,3,2,2,0,3,3,0,0,42.9,28.6,0,0,54,7.7
S2906,3,2,1,2,2,1,0,0,1,0,1,0,33.3,0,0,0,24,8
S2365,6,4,4,2,3,2,1,0,1,1,0,0,16.7,16.7,0,0,33,5.5
S2184,7,6,5,2,1,4,2,0,0,0,0,0,0,28.6,0,0,55,7.9
S2301,6,6,3,3,1,2,2,1,1,1,0,0,16.7,33.3,0,0,40,6.7
S2772,6,5,4,2,4,2,0,0,4,1,2,1,66.7,0,0,0,40,6.7
S2593,1,1,0,1,1,0,0,0,0,0,0,0,0,0,0,0,3,3
S3078,7,5,4,3,2,1,3,1,2,0,2,0,28.6,42.9,0,0,62,8.9
S2962,9,8,5,4,3,4,1,1,5,1,4,0,55.6,11.1,0,0,72,8
S2305,2,2,2,0,0,1,1,0,0,0,0,0,0,50,0,0,14,7
S2597,6,5,2,4,4,0,1,1,3,0,2,1,50,16.7,0,0,64,10.7
S2449,10,7,8,2,5,1,2,2,7,3,3,1,70,20,0,0,66,6.6
S2776,4,4,3,1,3,0,0,1,2,1,1,0,50,0,0,0,36,9
S2966,6,6,4,2,2,2,1,1,3,1,2,0,50,16.7,0,0,47,7.8
S2712,5,4,4,1,2,1,1,1,3,2,1,0,60,20,0,0,36,7.2
S3018,7,6,4,3,3,3,1,0,4,2,2,0,57.1,14.3,0,0,70,10
S2902,4,4,4,0,0,4,0,0,3,0,2,1,75,0,0,0,31,7.8
S2180,6,6,3,3,2,3,0,1,3,1,1,1,50,0,0,0,47,7.8
S2361,3,2,2,1,3,0,0,0,2,0,1,1,66.7,0,0,0,24,8
S2522,2,2,1,1,1,1,0,0,1,1,0,0,50,0,0,0,11,5.5
S3117,3,3,2,1,2,1,0,0,2,0,2,0,66.7,0,0,0,11,3.7
S2151,3,3,3,0,1,2,0,0,1,0,1,0,33.3,0,0,0,25,8.3
S2135,10,7,5,5,5,1,2,2,2,1,1,0,20,20,0,0,84,8.4
S2869,7,5,4,3,1,1,2,3,4,0,4,0,57.1,28.6,0,0,39,5.6
S3173,6,5,1,5,1,2,2,1,1,1,0,0,16.7,33.3,0,0,60,10
S2546,3,3,3,0,1,0,1,1,1,0,1,0,33.3,33.3,0,0,25,8.3
S2679,7,6,3,4,6,0,0,1,3,0,3,0,42.9,0,0,0,41,5.9
S2498,3,3,1,2,2,0,1,0,2,1,1,0,66.7,33.3,0,0,28,9.3
S2528,3,3,2,1,2,1,0,0,1,0,1,0,33.3,0,0,0,36,12
S2617,7,5,3,4,3,0,3,1,5,4,0,1,71.4,42.9,0,0,46,6.6
S2807,1,1,1,0,1,0,0,0,0,0,0,0,0,0,0,0,7,7
S2264,7,6,6,1,2,3,1,1,1,0,1,0,14.3,14.3,0,0,70,10
S2085,7,7,3,4,3,2,1,1,3,2,0,1,42.9,14.3,0,0,56,8
S2200,5,3,2,3,3,1,1,0,0,0,0,0,0,20,0,0,34,6.8
S2673,5,4,3,2,3,2,0,0,1,1,0,0,20,0,0,0,44,8.8
S3179,11,9,6,5,3,6,2,0,3,1,2,0,27.3,18.2,0,0,99,9
S2492,6,5,3,3,2,2,1,1,5,4,1,0,83.3,16.7,0,0,32,5.3
S2863,9,7,5,4,4,2,2,1,0,0,0,0,0,22.2,0,0,90,10
S2030,8,5,4,4,2,2,2,2,3,3,0,0,37.5,25,0,0,72,9
S3076,5,4,0,5,2,2,1,0,2,0,2,0,40,20,0,0,35,7
S2443,10,9,4,6,2,5,3,0,4,0,3,1,40,30,0,0,59,5.9
S2908,5,5,2,3,1,0,4,0,3,0,0,3,60,80,0,0,42,8.4
S3012,4,3,4,0,0,1,0,3,1,0,1,0,25,0,0,0,37,9.2
S2427,9,6,4,5,3,1,2,3,7,3,4,0,77.8,22.2,0,0,62,6.9
S2718,4,4,3,1,2,1,1,0,0,0,0,0,0,25,0,0,44,11
S2054,4,2,1,3,2,0,0,2,3,2,1,0,75,0,0,0,33,8.2
S2417,3,3,0,3,0,1,1,1,0,0,0,0,0,33.3,0,0,33,11
S3022,3,3,2,1,3,0,0,0,2,2,0,0,66.7,0,0,0,11,3.7
S2728,2,2,1,1,1,1,0,0,0,0,0,0,0,0,0,0,21,10.5
S2938,8,7,4,4,4,1,2,1,4,1,2,1,50,25,0,0,72,9
S2285,4,4,3,1,2,0,0,2,2,1,1,0,50,0,0,0,31,7.8
S2064,7,6,5,2,3,1,1,2,5,2,2,1,71.4,14.3,0,0,36,5.1
S2000,6,5,5,1,2,4,0,0,3,2,1,0,50,0,0,0,64,10.7
S2692,3,2,1,2,0,2,0,1,1,0,0,1,33.3,0,0,0,24,8
S3198,6,5,4,2,1,2,0,3,4,3,1,0,66.7,0,0,0,36,6
S2473,8,6,5,3,4,1,1,2,5,4,1,0,62.5,12.5,0,0,83,10.4
S3046,8,6,4,4,6,1,1,0,3,1,1,1,37.5,12.5,0,0,67,8.4
S2882,2,2,1,1,1,0,0,1,0,0,0,0,0,0,0,0,19,9.5
S2230,6,5,5,1,2,1,1,2,4,2,0,2,66.7,16.7,0,0,46,7.7
S2853,3,3,1,2,1,2,0,0,2,2,0,0,66.7,0,0,0,16,5.3
S2643,4,3,2,2,2,2,0,0,1,1,0,0,25,0,0,0,27,6.8
S3149,2,2,0,2,1,1,0,0,1,1,0,0,50,0,0,0,16,8
S3097,5,4,1,4,4,1,0,0,3,1,2,0,60,0,0,0,38,7.6
S2837,5,3,4,1,1,1,3,0,0,0,0,0,0,60,0,0,46,9.2
S2518,6,5,5,1,4,1,0,1,3,2,1,0,50,0,0,0,55,9.2
S2627,7,5,1,6,4,1,0,2,1,0,0,1,14.3,0,0,0,63,9
S2254,3,3,2,1,2,0,1,0,0,0,0,0,0,33.3,0,0,10,3.3
S2105,6,6,5,1,1,2,2,1,3,1,2,0,50,33.3,0,0.17,51,8.5
S3143,9,7,3,6,3,4,1,1,3,1,2,0,33.3,11.1,0,0,65,7.2
S2576,4,4,3,1,2,0,1,1,2,2,0,0,50,25,0,0,31,7.8
S2649,7,6,5,2,2,4,1,0,4,3,0,1,57.1,14.3,0,0,48,6.9
S2797,5,5,3,2,3,1,0,1,3,1,1,1,60,0,0,0,45,9
S2987,7,4,5,2,3,3,0,1,5,4,1,0,71.4,0,0,0,57,8.1
S2859,3,3,1,2,1,1,0,1,0,0,0,0,0,0,0,0,25,8.3
S3127,4,4,2,2,1,2,0,1,3,0,2,1,75,0,0,0,33,8.2
S2512,2,2,2,0,2,0,0,0,1,0,1,0,50,0,0,0,22,11
S2161,9,8,5,4,1,7,0,1,4,4,0,0,44.4,0,0,0,69,7.7
S2380,4,3,3,1,2,1,1,0,1,1,0,0,25,25,0,0,26,6.5
S2932,6,5,4,2,1,2,0,3,4,2,2,0,66.7,0,0,0,60,10
S2722,8,6,4,4,2,4,1,1,3,2,1,0,37.5,12.5,0,0,83,10.4
S3028,5,4,3,2,2,2,1,0,1,1,0,0,20,20,0,0,59,11.8
S2351,2,2,1,1,2,0,0,0,2,1,1,0,100,0,0,0,16,8
S2335,5,3,3,2,1,2,0,2,4,1,2,1,80,0,0,0,34,6.8
S2888,5,3,3,2,1,1,1,2,2,0,1,1,40,20,0,0,33,6.6
S2956,4,4,2,2,1,2,1,0,3,3,0,0,75,25,0,0,32,8
S3192,7,6,2,5,4,2,1,0,2,1,0,1,28.6,14.3,0,0,59,8.4
S2479,5,5,5,0,4,1,0,0,2,1,1,0,40,0,0,0,26,5.2
S2746,5,4,3,2,1,3,1,0,3,1,2,0,60,20,0,0,40,8
